timestamp,elapsed_s,num_detections,det_classes,det_confidences,det_areas,det_center_xs,det_center_ys
1773717185.100,0.20,0,,,,,
1773717185.101,0.20,0,,,,,
1773717185.102,0.20,0,,,,,
1773717185.102,0.20,0,,,,,
1773717185.125,0.22,0,,,,,
1773717185.169,0.27,0,,,,,
1773717185.193,0.29,0,,,,,
1773717185.235,0.33,0,,,,,
1773717185.303,0.40,0,,,,,
1773717185.336,0.44,0,,,,,
1773717185.359,0.46,0,,,,,
1773717185.396,0.49,0,,,,,
1773717185.433,0.53,0,,,,,
1773717185.459,0.56,0,,,,,
1773717185.500,0.60,0,,,,,
1773717185.535,0.63,0,,,,,
1773717185.578,0.68,0,,,,,
1773717185.607,0.71,0,,,,,
1773717185.637,0.74,0,,,,,
1773717185.678,0.78,0,,,,,
1773717185.705,0.80,0,,,,,
1773717185.751,0.85,0,,,,,
1773717185.784,0.88,0,,,,,
1773717185.812,0.91,0,,,,,
1773717185.866,0.97,0,,,,,
1773717185.906,1.01,0,,,,,
1773717185.934,1.03,0,,,,,
1773717185.967,1.07,0,,,,,
1773717186.040,1.14,0,,,,,
1773717186.058,1.16,0,,,,,
1773717186.108,1.21,0,,,,,
1773717186.147,1.25,0,,,,,
1773717186.182,1.28,0,,,,,
1773717186.223,1.32,0,,,,,
1773717186.246,1.35,0,,,,,
1773717186.276,1.38,0,,,,,
1773717186.320,1.42,0,,,,,
1773717186.342,1.44,0,,,,,
1773717186.384,1.48,0,,,,,
1773717186.420,1.52,0,,,,,
1773717186.456,1.55,0,,,,,
1773717186.494,1.59,0,,,,,
1773717186.520,1.62,0,,,,,
1773717186.570,1.67,0,,,,,
1773717186.602,1.70,0,,,,,
1773717186.634,1.73,0,,,,,
1773717186.695,1.79,0,,,,,
1773717186.713,1.81,0,,,,,
1773717186.754,1.85,0,,,,,
1773717186.794,1.89,0,,,,,
1773717186.830,1.93,0,,,,,
1773717186.868,1.97,0,,,,,
1773717186.913,2.01,0,,,,,
1773717186.945,2.04,0,,,,,
1773717186.985,2.08,0,,,,,
1773717187.037,2.14,0,,,,,
1773717187.067,2.17,0,,,,,
1773717187.092,2.19,0,,,,,
1773717187.133,2.23,0,,,,,
1773717187.167,2.27,0,,,,,
1773717187.210,2.31,0,,,,,
1773717187.253,2.35,0,,,,,
1773717187.282,2.38,0,,,,,
1773717187.325,2.42,0,,,,,
1773717187.350,2.45,0,,,,,
1773717187.388,2.49,0,,,,,
1773717187.426,2.53,0,,,,,
1773717187.465,2.56,0,,,,,
1773717187.497,2.60,0,,,,,
1773717187.538,2.64,0,,,,,
1773717187.589,2.69,0,,,,,
1773717187.616,2.71,0,,,,,
1773717187.665,2.76,0,,,,,
1773717187.716,2.82,0,,,,,
1773717187.747,2.85,0,,,,,
1773717187.792,2.89,0,,,,,
1773717187.827,2.93,0,,,,,
1773717187.857,2.96,0,,,,,
1773717187.895,2.99,0,,,,,
1773717187.927,3.03,0,,,,,
1773717187.946,3.05,0,,,,,
1773717187.991,3.09,0,,,,,
1773717188.024,3.12,0,,,,,
1773717188.048,3.15,0,,,,,
1773717188.080,3.18,0,,,,,
1773717188.117,3.22,0,,,,,
1773717188.152,3.25,0,,,,,
1773717188.189,3.29,0,,,,,
1773717188.222,3.32,0,,,,,
1773717188.268,3.37,0,,,,,
1773717188.291,3.39,0,,,,,
1773717188.332,3.43,0,,,,,
1773717188.370,3.47,0,,,,,
1773717188.392,3.49,0,,,,,
1773717188.444,3.54,0,,,,,
1773717188.474,3.57,0,,,,,
1773717188.518,3.62,0,,,,,
1773717188.542,3.64,0,,,,,
1773717188.580,3.68,0,,,,,
1773717188.613,3.71,0,,,,,
1773717188.648,3.75,0,,,,,
1773717188.688,3.79,0,,,,,
1773717188.717,3.82,0,,,,,
1773717188.747,3.85,0,,,,,
1773717188.770,3.87,0,,,,,
1773717188.801,3.90,0,,,,,
1773717188.839,3.94,0,,,,,
1773717188.873,3.97,0,,,,,
1773717188.914,4.01,0,,,,,
1773717188.943,4.04,0,,,,,
1773717188.993,4.09,0,,,,,
1773717189.019,4.12,0,,,,,
1773717189.076,4.18,0,,,,,
1773717189.111,4.21,0,,,,,
1773717189.133,4.23,0,,,,,
1773717189.182,4.28,0,,,,,
1773717189.209,4.31,0,,,,,
1773717189.241,4.34,1,person,0.274,42441,562.9,140.2
1773717189.278,4.38,1,person,0.316,63133,526.6,141.3
1773717189.311,4.41,2,person|person,0.371|0.338,57768|32396,535.8|580.7,140.9|140.2
1773717189.341,4.44,0,,,,,
1773717189.389,4.49,0,,,,,
1773717189.417,4.52,1,person,0.396,19118,604.7,138.7
1773717189.456,4.55,1,person,0.379,17139,608.3,138.8
1773717189.491,4.59,1,person,0.253,17098,608.6,138.7
1773717189.546,4.64,1,person,0.327,17465,607.8,139.2
1773717189.571,4.67,1,person,0.463,19510,604.0,138.6
1773717189.608,4.71,1,person,0.332,22306,598.9,139.7
1773717189.637,4.74,0,,,,,
1773717189.672,4.77,2,person|person,0.310|0.263,28617|49681,587.6|550.0,140.5|140.8
1773717189.735,4.83,2,person|person,0.403|0.331,57409|32215,536.6|581.2,141.1|140.3
1773717189.765,4.86,1,person,0.369,61432,530.2,142.3
1773717189.790,4.89,1,person,0.299,61936,528.6,141.1
1773717189.828,4.93,0,,,,,
1773717189.880,4.98,0,,,,,
1773717189.902,5.00,0,,,,,
1773717189.949,5.05,0,,,,,
1773717189.971,5.07,0,,,,,
1773717190.004,5.10,0,,,,,
1773717190.041,5.14,0,,,,,
1773717190.071,5.17,0,,,,,
1773717190.118,5.22,0,,,,,
1773717190.157,5.26,0,,,,,
1773717190.186,5.29,0,,,,,
1773717190.240,5.34,0,,,,,
1773717190.260,5.36,0,,,,,
1773717190.307,5.41,0,,,,,
1773717190.342,5.44,0,,,,,
1773717190.377,5.48,0,,,,,
1773717190.432,5.53,0,,,,,
1773717190.456,5.55,0,,,,,
1773717190.491,5.59,0,,,,,
1773717190.546,5.64,0,,,,,
1773717190.589,5.69,0,,,,,
1773717190.625,5.72,0,,,,,
1773717190.696,5.80,0,,,,,
1773717190.721,5.82,0,,,,,
1773717190.746,5.85,0,,,,,
1773717190.787,5.89,0,,,,,
1773717190.829,5.93,0,,,,,
1773717190.863,5.96,0,,,,,
1773717190.909,6.01,0,,,,,
1773717190.926,6.03,0,,,,,
1773717190.961,6.06,0,,,,,
1773717191.005,6.10,0,,,,,
1773717191.034,6.13,0,,,,,
1773717191.068,6.17,0,,,,,
1773717191.116,6.22,0,,,,,
1773717191.134,6.23,0,,,,,
1773717191.187,6.29,0,,,,,
1773717191.250,6.35,0,,,,,
1773717191.279,6.38,0,,,,,
1773717191.295,6.39,0,,,,,
1773717191.335,6.43,0,,,,,
1773717191.371,6.47,0,,,,,
1773717191.417,6.52,0,,,,,
1773717191.450,6.55,0,,,,,
1773717191.473,6.57,0,,,,,
1773717191.508,6.61,0,,,,,
1773717191.539,6.64,0,,,,,
1773717191.577,6.68,0,,,,,
1773717191.605,6.70,0,,,,,
1773717191.653,6.75,0,,,,,
1773717191.674,6.77,0,,,,,
1773717191.716,6.82,0,,,,,
1773717191.751,6.85,0,,,,,
1773717191.778,6.88,0,,,,,
1773717191.812,6.91,0,,,,,
1773717191.844,6.94,0,,,,,
1773717191.893,6.99,0,,,,,
1773717191.917,7.02,0,,,,,
1773717191.950,7.05,0,,,,,
1773717191.990,7.09,0,,,,,
1773717192.017,7.12,0,,,,,
1773717192.061,7.16,0,,,,,
1773717192.085,7.18,0,,,,,
1773717192.157,7.26,0,,,,,
1773717192.162,7.26,0,,,,,
1773717192.185,7.28,0,,,,,
1773717192.223,7.32,0,,,,,
1773717192.261,7.36,0,,,,,
1773717192.297,7.40,0,,,,,
1773717192.326,7.42,0,,,,,
1773717192.360,7.46,0,,,,,
1773717192.403,7.50,0,,,,,
1773717192.459,7.56,0,,,,,
1773717192.492,7.59,0,,,,,
1773717192.523,7.62,0,,,,,
1773717192.554,7.65,0,,,,,
1773717192.588,7.69,0,,,,,
1773717192.620,7.72,0,,,,,
1773717192.650,7.75,0,,,,,
1773717192.675,7.77,0,,,,,
1773717192.707,7.81,0,,,,,
1773717192.743,7.84,0,,,,,
1773717192.779,7.88,0,,,,,
1773717192.813,7.91,0,,,,,
1773717192.846,7.95,0,,,,,
1773717192.876,7.98,0,,,,,
1773717192.916,8.01,0,,,,,
1773717192.951,8.05,0,,,,,
1773717192.993,8.09,1,person,0.277,65570,522.3,141.5
1773717193.030,8.13,2,person|person,0.357|0.313,60818|36030,531.3|575.1,142.1|141.8
1773717193.065,8.16,2,person|person,0.384|0.283,56212|38381,539.3|570.8,142.1|141.4
1773717193.108,8.21,1,person,0.261,27420,589.7,140.1
1773717193.147,8.25,1,person,0.277,24065,595.7,139.6
1773717193.180,8.28,1,person,0.305,21867,599.8,139.8
1773717193.214,8.31,0,,,,,
1773717193.253,8.35,1,person,0.267,21533,600.4,139.8
1773717193.310,8.41,1,person,0.318,22992,597.7,139.8
1773717193.336,8.44,0,,,,,
1773717193.376,8.47,2,person|person,0.303|0.301,28671|55557,587.6|540.0,140.5|141.3
1773717193.402,8.50,2,person|person,0.426|0.365,57561|32527,536.4|580.7,141.2|140.4
1773717193.439,8.54,2,person|person,0.348|0.258,61444|38221,529.9|570.7,142.0|141.2
1773717193.492,8.59,1,person,0.268,64477,524.5,141.8
1773717193.523,8.62,0,,,,,
1773717193.553,8.65,0,,,,,
1773717193.579,8.68,0,,,,,
1773717193.614,8.71,0,,,,,
1773717193.659,8.76,0,,,,,
1773717193.685,8.78,0,,,,,
1773717193.715,8.81,0,,,,,
1773717193.751,8.85,0,,,,,
1773717193.796,8.89,0,,,,,
1773717193.830,8.93,0,,,,,
1773717193.865,8.96,0,,,,,
1773717193.917,9.02,0,,,,,
1773717193.981,9.08,0,,,,,
1773717194.006,9.11,0,,,,,
1773717194.055,9.15,0,,,,,
1773717194.098,9.20,0,,,,,
1773717194.132,9.23,0,,,,,
1773717194.190,9.29,0,,,,,
1773717194.216,9.32,0,,,,,
1773717194.250,9.35,0,,,,,
1773717194.293,9.39,0,,,,,
1773717194.338,9.44,0,,,,,
1773717194.377,9.48,0,,,,,
1773717194.423,9.52,0,,,,,
1773717194.455,9.55,0,,,,,
1773717194.497,9.60,0,,,,,
1773717194.520,9.62,0,,,,,
1773717194.558,9.66,0,,,,,
1773717194.598,9.70,0,,,,,
1773717194.639,9.74,0,,,,,
1773717194.668,9.77,0,,,,,
1773717194.698,9.80,0,,,,,
1773717194.740,9.84,0,,,,,
1773717194.778,9.88,0,,,,,
1773717194.805,9.90,0,,,,,
1773717194.841,9.94,0,,,,,
1773717194.877,9.98,0,,,,,
1773717194.924,10.02,0,,,,,
1773717194.945,10.04,0,,,,,
1773717194.977,10.08,0,,,,,
1773717195.028,10.13,0,,,,,
1773717195.063,10.16,0,,,,,
1773717195.105,10.20,0,,,,,
1773717195.119,10.22,0,,,,,
1773717195.151,10.25,0,,,,,
1773717195.185,10.28,0,,,,,
1773717195.221,10.32,0,,,,,
1773717195.272,10.37,0,,,,,
1773717195.296,10.39,0,,,,,
1773717195.338,10.44,0,,,,,
1773717195.363,10.46,0,,,,,
1773717195.400,10.50,0,,,,,
1773717195.445,10.54,0,,,,,
1773717195.463,10.56,0,,,,,
1773717195.509,10.61,0,,,,,
1773717195.554,10.65,0,,,,,
1773717195.591,10.69,0,,,,,
1773717195.642,10.74,0,,,,,
1773717195.672,10.77,0,,,,,
1773717195.701,10.80,0,,,,,
1773717195.721,10.82,0,,,,,
1773717195.777,10.88,0,,,,,
1773717195.782,10.88,0,,,,,
1773717195.814,10.91,0,,,,,
1773717195.860,10.96,0,,,,,
1773717195.909,11.01,0,,,,,
1773717195.965,11.06,0,,,,,
1773717195.988,11.09,0,,,,,
1773717196.011,11.11,0,,,,,
1773717196.051,11.15,0,,,,,
1773717196.089,11.19,0,,,,,
1773717196.128,11.23,0,,,,,
1773717196.174,11.27,0,,,,,
1773717196.206,11.31,0,,,,,
1773717196.240,11.34,0,,,,,
1773717196.281,11.38,0,,,,,
1773717196.326,11.43,0,,,,,
1773717196.349,11.45,0,,,,,
1773717196.390,11.49,0,,,,,
1773717196.412,11.51,0,,,,,
1773717196.468,11.57,0,,,,,
1773717196.498,11.60,0,,,,,
1773717196.525,11.62,0,,,,,
1773717196.580,11.68,0,,,,,
1773717196.610,11.71,0,,,,,
1773717196.648,11.75,0,,,,,
1773717196.681,11.78,0,,,,,
1773717196.719,11.82,0,,,,,
1773717196.778,11.88,0,,,,,
1773717196.815,11.91,0,,,,,
1773717196.835,11.93,0,,,,,
1773717196.900,12.00,0,,,,,
1773717196.935,12.03,1,person,0.252,43799,560.2,140.3
1773717196.972,12.07,0,,,,,
1773717197.005,12.10,0,,,,,
1773717197.048,12.15,0,,,,,
1773717197.079,12.18,0,,,,,
1773717197.122,12.22,1,person,0.268,43496,560.6,140.1
1773717197.206,12.31,0,,,,,
1773717197.279,12.38,0,,,,,
1773717197.325,12.42,0,,,,,
1773717197.367,12.47,0,,,,,
1773717197.398,12.50,0,,,,,
1773717197.446,12.55,0,,,,,
1773717197.478,12.58,0,,,,,
1773717197.518,12.62,0,,,,,
1773717197.548,12.65,0,,,,,
1773717197.591,12.69,0,,,,,
1773717197.643,12.74,0,,,,,
1773717197.677,12.78,0,,,,,
1773717197.729,12.83,0,,,,,
1773717197.770,12.87,0,,,,,
1773717197.804,12.90,0,,,,,
1773717197.846,12.94,0,,,,,
1773717197.890,12.99,0,,,,,
1773717197.930,13.03,0,,,,,
1773717197.970,13.07,0,,,,,
1773717198.026,13.13,0,,,,,
1773717198.048,13.15,0,,,,,
1773717198.110,13.21,0,,,,,
1773717198.144,13.24,0,,,,,
1773717198.182,13.28,0,,,,,
1773717198.210,13.31,0,,,,,
1773717198.248,13.35,0,,,,,
1773717198.297,13.40,0,,,,,
1773717198.330,13.43,0,,,,,
1773717198.379,13.48,0,,,,,
1773717198.418,13.52,0,,,,,
1773717198.450,13.55,0,,,,,
1773717198.477,13.58,0,,,,,
1773717198.522,13.62,0,,,,,
1773717198.556,13.65,0,,,,,
1773717198.622,13.72,0,,,,,
1773717198.648,13.75,0,,,,,
1773717198.691,13.79,0,,,,,
1773717198.761,13.86,0,,,,,
1773717198.784,13.88,0,,,,,
1773717198.809,13.91,0,,,,,
1773717198.849,13.95,0,,,,,
1773717198.903,14.00,0,,,,,
1773717198.938,14.04,0,,,,,
1773717198.983,14.08,0,,,,,
1773717199.019,14.12,0,,,,,
1773717199.059,14.16,0,,,,,
1773717199.083,14.18,0,,,,,
1773717199.116,14.22,0,,,,,
1773717199.157,14.26,0,,,,,
1773717199.191,14.29,0,,,,,
1773717199.250,14.35,0,,,,,
1773717199.286,14.39,0,,,,,
1773717199.332,14.43,0,,,,,
1773717199.366,14.46,0,,,,,
1773717199.401,14.50,0,,,,,
1773717199.438,14.54,0,,,,,
1773717199.487,14.59,0,,,,,
1773717199.507,14.61,0,,,,,
1773717199.543,14.64,0,,,,,
1773717199.594,14.69,0,,,,,
1773717199.619,14.72,0,,,,,
1773717199.682,14.78,0,,,,,
1773717199.719,14.82,0,,,,,
1773717199.735,14.83,0,,,,,
1773717199.766,14.87,0,,,,,
1773717199.793,14.89,0,,,,,
1773717199.837,14.94,0,,,,,
1773717199.867,14.97,0,,,,,
1773717199.894,14.99,0,,,,,
1773717199.937,15.04,0,,,,,
1773717199.975,15.07,0,,,,,
1773717200.016,15.11,0,,,,,
1773717200.074,15.17,0,,,,,
1773717200.102,15.20,0,,,,,
1773717200.148,15.25,0,,,,,
1773717200.182,15.28,0,,,,,
1773717200.213,15.31,0,,,,,
1773717200.275,15.37,0,,,,,
1773717200.309,15.41,0,,,,,
1773717200.357,15.46,0,,,,,
1773717200.384,15.48,0,,,,,
1773717200.444,15.54,0,,,,,
1773717200.494,15.59,0,,,,,
1773717200.536,15.63,0,,,,,
1773717200.572,15.67,0,,,,,
1773717200.610,15.71,0,,,,,
1773717200.649,15.75,0,,,,,
1773717200.681,15.78,2,person|person,0.418|0.279,55900|30116,539.7|585.5,141.8|141.3
1773717200.728,15.83,1,person,0.455,17051,608.5,138.4
1773717200.756,15.85,0,,,,,
1773717200.793,15.89,0,,,,,
1773717200.845,15.94,1,umbrella,0.601,46508,84.0,140.2
1773717200.870,15.97,0,,,,,
1773717200.917,16.02,0,,,,,
1773717200.989,16.09,0,,,,,
1773717201.007,16.11,0,,,,,
1773717201.037,16.14,0,,,,,
1773717201.097,16.20,0,,,,,
1773717201.136,16.24,0,,,,,
1773717201.163,16.26,0,,,,,
1773717201.216,16.32,0,,,,,
1773717201.249,16.35,0,,,,,
1773717201.284,16.38,0,,,,,
1773717201.325,16.42,0,,,,,
1773717201.364,16.46,1,person,0.400,8652,623.9,137.6
1773717201.394,16.49,0,,,,,
1773717201.428,16.53,1,person,0.308,20183,602.7,139.0
1773717201.461,16.56,1,person,0.311,26091,591.8,139.7
1773717201.506,16.61,2,person|person,0.300|0.298,30454|50889,584.3|547.8,140.0|140.6
1773717201.539,16.64,2,person|person,0.369|0.287,60334|35573,532.0|575.5,142.0|141.0
1773717201.581,16.68,1,person,0.290,62857,527.2,141.5
1773717201.627,16.73,1,person,0.290,47600,554.1,141.2
1773717201.659,16.76,0,,,,,
1773717201.707,16.81,0,,,,,
1773717201.754,16.85,0,,,,,
1773717201.794,16.89,0,,,,,
1773717201.842,16.94,0,,,,,
1773717201.888,16.99,0,,,,,
1773717201.924,17.02,0,,,,,
1773717201.959,17.06,0,,,,,
1773717202.013,17.11,0,,,,,
1773717202.028,17.13,0,,,,,
1773717202.082,17.18,0,,,,,
1773717202.103,17.20,0,,,,,
1773717202.144,17.24,0,,,,,
1773717202.196,17.30,0,,,,,
1773717202.225,17.32,0,,,,,
1773717202.260,17.36,0,,,,,
1773717202.323,17.42,0,,,,,
1773717202.361,17.46,0,,,,,
1773717202.399,17.50,0,,,,,
1773717202.430,17.53,0,,,,,
1773717202.460,17.56,0,,,,,
1773717202.514,17.61,0,,,,,
1773717202.567,17.67,0,,,,,
1773717202.619,17.72,0,,,,,
1773717202.648,17.75,0,,,,,
1773717202.698,17.80,0,,,,,
1773717202.783,17.88,0,,,,,
1773717202.801,17.90,0,,,,,
1773717202.847,17.95,0,,,,,
1773717202.914,18.01,0,,,,,
1773717202.930,18.03,0,,,,,
1773717202.985,18.08,0,,,,,
1773717203.027,18.13,0,,,,,
1773717203.082,18.18,0,,,,,
1773717203.127,18.23,0,,,,,
1773717203.199,18.30,0,,,,,
1773717203.259,18.36,0,,,,,
1773717203.289,18.39,0,,,,,
1773717203.328,18.43,0,,,,,
1773717203.375,18.47,0,,,,,
1773717203.450,18.55,0,,,,,
1773717203.480,18.58,0,,,,,
1773717203.515,18.61,0,,,,,
1773717203.587,18.69,0,,,,,
1773717203.604,18.70,0,,,,,
1773717203.676,18.77,0,,,,,
1773717203.713,18.81,0,,,,,
1773717203.758,18.86,0,,,,,
1773717203.790,18.89,0,,,,,
1773717203.812,18.91,0,,,,,
1773717203.903,19.00,0,,,,,
1773717203.934,19.03,0,,,,,
1773717203.951,19.05,0,,,,,
1773717203.989,19.09,0,,,,,
1773717204.034,19.13,0,,,,,
1773717204.072,19.17,0,,,,,
1773717204.110,19.21,0,,,,,
1773717204.134,19.23,0,,,,,
1773717204.170,19.27,0,,,,,
1773717204.205,19.30,0,,,,,
1773717204.246,19.35,0,,,,,
1773717204.282,19.38,0,,,,,
1773717204.329,19.43,0,,,,,
1773717204.356,19.45,0,,,,,
1773717204.403,19.50,0,,,,,
1773717204.437,19.54,0,,,,,
1773717204.480,19.58,0,,,,,
1773717204.510,19.61,0,,,,,
1773717204.535,19.63,0,,,,,
1773717204.593,19.69,0,,,,,
1773717204.630,19.73,0,,,,,
1773717204.663,19.76,0,,,,,
1773717204.704,19.80,0,,,,,
1773717204.743,19.84,0,,,,,
1773717204.770,19.87,0,,,,,
1773717204.816,19.91,0,,,,,
1773717204.853,19.95,0,,,,,
1773717204.899,20.00,0,,,,,
1773717204.937,20.04,0,,,,,
1773717204.970,20.07,0,,,,,
1773717205.010,20.11,0,,,,,
1773717205.034,20.13,0,,,,,
1773717205.082,20.18,0,,,,,
1773717205.127,20.23,0,,,,,
1773717205.156,20.26,0,,,,,
1773717205.202,20.30,0,,,,,
1773717205.229,20.33,0,,,,,
1773717205.280,20.38,0,,,,,
1773717205.320,20.42,0,,,,,
1773717205.366,20.47,0,,,,,
1773717205.401,20.50,0,,,,,
1773717205.433,20.53,0,,,,,
1773717205.471,20.57,0,,,,,
1773717205.511,20.61,0,,,,,
1773717205.554,20.65,0,,,,,
1773717205.590,20.69,0,,,,,
1773717205.674,20.77,0,,,,,
1773717205.699,20.80,0,,,,,
1773717205.731,20.83,0,,,,,
1773717205.791,20.89,0,,,,,
1773717205.810,20.91,0,,,,,
1773717205.846,20.95,1,person,0.252,47372,554.3,140.8
1773717205.877,20.98,0,,,,,
1773717205.911,21.01,2,person|person,0.317|0.262,60126|38862,532.0|569.7,141.4|141.2
1773717205.971,21.07,1,person,0.379,61555,529.9,142.0
1773717205.997,21.10,2,person|person,0.346|0.282,58528|32806,534.4|579.9,141.1|140.2
1773717206.038,21.14,2,person|person,0.403|0.289,57600|31799,536.3|582.0,141.3|140.4
1773717206.098,21.20,2,person|person,0.433|0.281,57385|31418,536.8|582.7,141.6|140.6
1773717206.136,21.23,2,person|person,0.389|0.282,57511|31608,536.4|582.2,141.2|140.3
1773717206.164,21.26,2,person|person,0.328|0.285,58527|32778,534.4|580.0,141.0|140.1
1773717206.221,21.32,1,person,0.335,61029,531.2,142.4
1773717206.261,21.36,2,person|person,0.323|0.272,56748|37642,537.8|571.7,141.0|140.8
1773717206.314,21.41,1,person,0.322,55016,540.8,140.8
1773717206.336,21.44,0,,,,,
1773717206.385,21.48,0,,,,,
1773717206.436,21.54,0,,,,,
1773717206.487,21.59,0,,,,,
1773717206.513,21.61,0,,,,,
1773717206.565,21.66,0,,,,,
1773717206.599,21.70,0,,,,,
1773717206.637,21.74,0,,,,,
1773717206.676,21.78,0,,,,,
1773717206.717,21.82,0,,,,,
1773717206.750,21.85,0,,,,,
1773717206.787,21.89,0,,,,,
1773717206.834,21.93,0,,,,,
1773717206.871,21.97,0,,,,,
1773717206.930,22.03,0,,,,,
1773717206.968,22.07,0,,,,,
1773717206.997,22.10,0,,,,,
1773717207.038,22.14,0,,,,,
1773717207.084,22.18,0,,,,,
1773717207.117,22.22,0,,,,,
1773717207.148,22.25,0,,,,,
1773717207.194,22.29,0,,,,,
1773717207.237,22.34,0,,,,,
1773717207.275,22.37,0,,,,,
1773717207.301,22.40,0,,,,,
1773717207.335,22.43,0,,,,,
1773717207.387,22.49,0,,,,,
1773717207.426,22.53,0,,,,,
1773717207.467,22.57,0,,,,,
1773717207.503,22.60,0,,,,,
1773717207.539,22.64,0,,,,,
1773717207.577,22.68,0,,,,,
1773717207.599,22.70,0,,,,,
1773717207.659,22.76,0,,,,,
1773717207.685,22.78,0,,,,,
1773717207.708,22.81,0,,,,,
1773717207.740,22.84,0,,,,,
1773717207.781,22.88,0,,,,,
1773717207.822,22.92,0,,,,,
1773717207.872,22.97,0,,,,,
1773717207.889,22.99,0,,,,,
1773717207.933,23.03,0,,,,,
1773717207.953,23.05,0,,,,,
1773717208.004,23.10,0,,,,,
1773717208.043,23.14,0,,,,,
1773717208.070,23.17,0,,,,,
1773717208.109,23.21,0,,,,,
1773717208.144,23.24,0,,,,,
1773717208.172,23.27,0,,,,,
1773717208.226,23.32,0,,,,,
1773717208.259,23.36,0,,,,,
1773717208.305,23.40,0,,,,,
1773717208.356,23.46,0,,,,,
1773717208.383,23.48,0,,,,,
1773717208.433,23.53,0,,,,,
1773717208.471,23.57,0,,,,,
1773717208.506,23.60,0,,,,,
1773717208.564,23.66,0,,,,,
1773717208.589,23.69,0,,,,,
1773717208.617,23.72,0,,,,,
1773717208.687,23.79,0,,,,,
1773717208.711,23.81,0,,,,,
1773717208.748,23.85,0,,,,,
1773717208.792,23.89,0,,,,,
1773717208.834,23.93,0,,,,,
1773717208.868,23.97,0,,,,,
1773717208.894,23.99,0,,,,,
1773717208.936,24.04,0,,,,,
1773717208.983,24.08,0,,,,,
1773717209.026,24.13,0,,,,,
1773717209.064,24.16,0,,,,,
1773717209.091,24.19,0,,,,,
1773717209.137,24.24,0,,,,,
1773717209.190,24.29,0,,,,,
1773717209.239,24.34,0,,,,,
1773717209.277,24.38,0,,,,,
1773717209.324,24.42,0,,,,,
1773717209.353,24.45,0,,,,,
1773717209.393,24.49,0,,,,,
1773717209.425,24.52,0,,,,,
1773717209.471,24.57,0,,,,,
1773717209.513,24.61,0,,,,,
1773717209.541,24.64,0,,,,,
1773717209.569,24.67,0,,,,,
1773717209.603,24.70,0,,,,,
1773717209.655,24.75,0,,,,,
1773717209.697,24.80,0,,,,,
1773717209.736,24.84,0,,,,,
1773717209.802,24.90,0,,,,,
1773717209.821,24.92,0,,,,,
1773717209.857,24.96,0,,,,,
1773717209.911,25.01,1,person,0.261,60627,530.5,140.9
1773717209.942,25.04,1,person,0.272,42130,563.4,140.3
1773717209.981,25.08,0,,,,,
1773717210.025,25.12,0,,,,,
1773717210.070,25.17,1,person,0.271,56031,538.9,140.9
1773717210.095,25.19,1,person,0.337,58335,534.9,141.0
1773717210.158,25.26,1,person,0.255,39943,567.4,140.5
1773717210.201,25.30,1,person,0.269,42313,563.3,140.6
1773717210.225,25.32,1,person,0.251,42557,562.8,140.6
1773717210.280,25.38,0,,,,,
1773717210.309,25.41,0,,,,,
1773717210.356,25.46,0,,,,,
1773717210.383,25.48,0,,,,,
1773717210.405,25.50,0,,,,,
1773717210.447,25.55,0,,,,,
1773717210.490,25.59,0,,,,,
1773717210.530,25.63,0,,,,,
1773717210.565,25.66,0,,,,,
1773717210.607,25.71,0,,,,,
1773717210.663,25.76,0,,,,,
1773717210.696,25.80,0,,,,,
1773717210.725,25.82,0,,,,,
1773717210.768,25.87,0,,,,,
1773717210.800,25.90,0,,,,,
1773717210.842,25.94,0,,,,,
1773717210.881,25.98,0,,,,,
1773717210.909,26.01,0,,,,,
1773717210.955,26.05,0,,,,,
1773717210.984,26.08,0,,,,,
1773717211.018,26.12,0,,,,,
1773717211.048,26.15,0,,,,,
1773717211.081,26.18,0,,,,,
1773717211.116,26.22,0,,,,,
1773717211.149,26.25,0,,,,,
1773717211.198,26.30,0,,,,,
1773717211.223,26.32,0,,,,,
1773717211.257,26.36,0,,,,,
1773717211.289,26.39,0,,,,,
1773717211.321,26.42,0,,,,,
1773717211.368,26.47,0,,,,,
1773717211.407,26.51,0,,,,,
1773717211.441,26.54,0,,,,,
1773717211.470,26.57,0,,,,,
1773717211.488,26.59,0,,,,,
1773717211.533,26.63,0,,,,,
1773717211.572,26.67,0,,,,,
1773717211.603,26.70,0,,,,,
1773717211.633,26.73,0,,,,,
1773717211.676,26.77,0,,,,,
1773717211.698,26.80,0,,,,,
1773717211.734,26.83,0,,,,,
1773717211.770,26.87,0,,,,,
1773717211.817,26.92,1,person,0.252,43282,561.5,140.7
1773717211.851,26.95,1,person,0.270,62535,527.6,141.3
1773717211.890,26.99,1,person,0.296,63788,525.3,141.2
1773717211.920,27.02,1,person,0.326,61794,529.0,141.4
1773717211.945,27.04,2,person|person,0.323|0.263,60166|34002,532.1|578.1,141.7|140.7
1773717211.972,27.07,2,person|person,0.403|0.323,57802|32087,535.8|581.3,141.1|140.2
1773717212.007,27.11,1,person,0.387,57373,536.9,141.6
1773717212.046,27.15,2,person|person,0.393|0.257,57371|30726,536.7|583.8,141.5|140.4
1773717212.112,27.21,2,person|person,0.391|0.296,57731|32507,536.1|580.8,141.3|140.4
1773717212.137,27.24,2,person|person,0.361|0.312,58978|33103,533.8|579.5,141.4|140.5
1773717212.190,27.29,2,person|person,0.346|0.278,61462|40515,529.9|566.6,141.8|140.8
1773717212.235,27.33,1,person,0.306,47872,553.7,141.1
1773717212.285,27.38,0,,,,,
1773717212.318,27.42,0,,,,,
1773717212.357,27.46,0,,,,,
1773717212.416,27.51,0,,,,,
1773717212.443,27.54,0,,,,,
1773717212.468,27.57,0,,,,,
1773717212.498,27.60,0,,,,,
1773717212.529,27.63,0,,,,,
1773717212.582,27.68,0,,,,,
1773717212.619,27.72,0,,,,,
1773717212.652,27.75,0,,,,,
1773717212.700,27.80,0,,,,,
1773717212.730,27.83,0,,,,,
1773717212.768,27.87,0,,,,,
1773717212.817,27.92,0,,,,,
1773717212.839,27.94,0,,,,,
1773717212.893,27.99,0,,,,,
1773717212.933,28.03,0,,,,,
1773717212.980,28.08,0,,,,,
1773717213.007,28.11,0,,,,,
1773717213.047,28.15,0,,,,,
1773717213.096,28.19,0,,,,,
1773717213.122,28.22,0,,,,,
1773717213.160,28.26,0,,,,,
1773717213.190,28.29,0,,,,,
1773717213.212,28.31,0,,,,,
1773717213.255,28.35,0,,,,,
1773717213.275,28.37,0,,,,,
1773717213.312,28.41,0,,,,,
1773717213.348,28.45,0,,,,,
1773717213.394,28.49,0,,,,,
1773717213.436,28.53,0,,,,,
1773717213.472,28.57,0,,,,,
1773717213.506,28.61,0,,,,,
1773717213.540,28.64,0,,,,,
1773717213.578,28.68,0,,,,,
1773717213.623,28.72,0,,,,,
1773717213.661,28.76,0,,,,,
1773717213.709,28.81,0,,,,,
1773717213.741,28.84,0,,,,,
1773717213.773,28.87,0,,,,,
1773717213.814,28.91,0,,,,,
1773717213.872,28.97,1,person,0.399,55820,539.6,141.7
1773717213.900,29.00,1,person,0.277,15702,611.0,138.7
1773717213.949,29.05,0,,,,,
1773717213.983,29.08,0,,,,,
1773717214.036,29.13,0,,,,,
1773717214.072,29.17,0,,,,,
1773717214.113,29.21,0,,,,,
1773717214.157,29.26,0,,,,,
1773717214.183,29.28,0,,,,,
1773717214.219,29.32,0,,,,,
1773717214.255,29.35,0,,,,,
1773717214.300,29.40,0,,,,,
1773717214.343,29.44,0,,,,,
1773717214.360,29.46,0,,,,,
1773717214.404,29.50,0,,,,,
1773717214.449,29.55,1,person,0.275,4735,14.5,175.3
1773717214.476,29.58,0,,,,,
1773717214.525,29.62,0,,,,,
1773717214.553,29.65,0,,,,,
1773717214.596,29.70,0,,,,,
1773717214.613,29.71,0,,,,,
1773717214.654,29.75,0,,,,,
1773717214.690,29.79,0,,,,,
1773717214.724,29.82,0,,,,,
1773717214.774,29.87,1,person,0.355,10676,620.2,138.3
1773717214.807,29.91,1,person,0.463,17097,608.4,138.5
1773717214.847,29.95,1,person,0.256,22488,598.7,139.9
1773717214.879,29.98,0,,,,,
1773717214.910,30.01,2,person|person,0.382|0.264,56591|29933,538.1|585.2,141.5|140.4
1773717214.931,30.03,2,person|person,0.361|0.278,60254|34586,531.9|577.0,141.8|140.8
1773717214.973,30.07,0,,,,,
1773717215.016,30.11,0,,,,,
1773717215.043,30.14,0,,,,,
1773717215.094,30.19,0,,,,,
1773717215.117,30.22,0,,,,,
1773717215.162,30.26,0,,,,,
1773717215.189,30.29,0,,,,,
1773717215.237,30.34,0,,,,,
1773717215.272,30.37,0,,,,,
1773717215.302,30.40,0,,,,,
1773717215.330,30.43,0,,,,,
1773717215.375,30.47,0,,,,,
1773717215.421,30.52,0,,,,,
1773717215.454,30.55,0,,,,,
1773717215.493,30.59,0,,,,,
1773717215.534,30.63,0,,,,,
1773717215.563,30.66,0,,,,,
1773717215.598,30.70,0,,,,,
1773717215.668,30.77,0,,,,,
1773717215.670,30.77,0,,,,,
1773717215.694,30.79,0,,,,,
1773717215.730,30.83,0,,,,,
1773717215.775,30.87,0,,,,,
1773717215.806,30.91,0,,,,,
1773717215.838,30.94,0,,,,,
1773717215.870,30.97,0,,,,,
1773717215.905,31.00,0,,,,,
1773717215.956,31.06,0,,,,,
1773717215.994,31.09,0,,,,,
1773717216.026,31.12,0,,,,,
1773717216.064,31.16,0,,,,,
1773717216.095,31.19,0,,,,,
1773717216.135,31.23,0,,,,,
1773717216.171,31.27,0,,,,,
1773717216.203,31.30,0,,,,,
1773717216.247,31.35,0,,,,,
1773717216.305,31.40,0,,,,,
1773717216.308,31.41,0,,,,,
1773717216.339,31.44,0,,,,,
1773717216.375,31.47,0,,,,,
1773717216.424,31.52,0,,,,,
1773717216.465,31.56,0,,,,,
1773717216.486,31.59,1,person,0.258,42866,562.2,140.4
1773717216.519,31.62,0,,,,,
1773717216.564,31.66,1,person,0.281,45606,557.5,140.8
1773717216.594,31.69,1,person,0.258,42230,563.0,140.0
1773717216.627,31.73,1,person,0.273,43188,561.2,140.0
1773717216.663,31.76,0,,,,,
1773717216.697,31.80,0,,,,,
1773717216.736,31.84,0,,,,,
1773717216.781,31.88,0,,,,,
1773717216.813,31.91,0,,,,,
1773717216.844,31.94,0,,,,,
1773717216.877,31.98,0,,,,,
1773717216.919,32.02,0,,,,,
1773717216.955,32.05,0,,,,,
1773717217.001,32.10,0,,,,,
1773717217.058,32.16,0,,,,,
1773717217.091,32.19,0,,,,,
1773717217.111,32.21,0,,,,,
1773717217.148,32.25,0,,,,,
1773717217.199,32.30,0,,,,,
1773717217.222,32.32,0,,,,,
1773717217.262,32.36,0,,,,,
1773717217.324,32.42,0,,,,,
1773717217.364,32.46,0,,,,,
1773717217.388,32.49,0,,,,,
1773717217.435,32.53,0,,,,,
1773717217.475,32.57,0,,,,,
1773717217.512,32.61,0,,,,,
1773717217.551,32.65,0,,,,,
1773717217.587,32.69,0,,,,,
1773717217.606,32.71,0,,,,,
1773717217.657,32.76,0,,,,,
1773717217.685,32.78,0,,,,,
1773717217.731,32.83,0,,,,,
1773717217.757,32.86,0,,,,,
1773717217.789,32.89,0,,,,,
1773717217.837,32.94,0,,,,,
1773717217.862,32.96,0,,,,,
1773717217.892,32.99,0,,,,,
1773717217.937,33.04,0,,,,,
1773717217.974,33.07,0,,,,,
1773717218.012,33.11,0,,,,,
1773717218.033,33.13,0,,,,,
1773717218.081,33.18,0,,,,,
1773717218.104,33.20,0,,,,,
1773717218.136,33.24,0,,,,,
1773717218.184,33.28,0,,,,,
1773717218.211,33.31,0,,,,,
1773717218.257,33.36,0,,,,,
1773717218.284,33.38,0,,,,,
1773717218.319,33.42,0,,,,,
1773717218.370,33.47,0,,,,,
1773717218.404,33.50,0,,,,,
1773717218.434,33.53,0,,,,,
1773717218.471,33.57,0,,,,,
1773717218.491,33.59,0,,,,,
1773717218.525,33.62,0,,,,,
1773717218.562,33.66,0,,,,,
1773717218.601,33.70,0,,,,,
1773717218.628,33.73,0,,,,,
1773717218.669,33.77,0,,,,,
1773717218.702,33.80,0,,,,,
1773717218.763,33.86,0,,,,,
1773717218.797,33.90,0,,,,,
1773717218.847,33.95,0,,,,,
1773717218.864,33.96,0,,,,,
1773717218.900,34.00,0,,,,,
1773717218.958,34.06,0,,,,,
1773717218.990,34.09,1,person,0.280,43485,561.1,140.5
1773717219.023,34.12,2,person|person,0.411|0.320,60035|37766,532.4|571.5,142.1|141.2
1773717219.055,34.15,1,person,0.324,23453,596.6,139.3
1773717219.090,34.19,0,,,,,
1773717219.120,34.22,0,,,,,
1773717219.156,34.26,0,,,,,
1773717219.190,34.29,0,,,,,
1773717219.229,34.33,0,,,,,
1773717219.251,34.35,0,,,,,
1773717219.292,34.39,0,,,,,
1773717219.321,34.42,0,,,,,
1773717219.355,34.45,0,,,,,
1773717219.428,34.53,0,,,,,
1773717219.430,34.53,1,person,0.410,8985,623.2,137.9
1773717219.459,34.56,0,,,,,
1773717219.491,34.59,0,,,,,
1773717219.522,34.62,0,,,,,
1773717219.559,34.66,1,person,0.373,59891,532.7,142.1
1773717219.593,34.69,1,person,0.256,40726,566.1,140.8
1773717219.628,34.73,1,person,0.296,43032,561.4,139.9
1773717219.663,34.76,0,,,,,
1773717219.695,34.79,0,,,,,
1773717219.730,34.83,0,,,,,
1773717219.765,34.86,0,,,,,
1773717219.809,34.91,0,,,,,
1773717219.840,34.94,0,,,,,
1773717219.872,34.97,0,,,,,
1773717219.903,35.00,0,,,,,
1773717219.938,35.04,0,,,,,
1773717219.974,35.07,0,,,,,
1773717220.011,35.11,0,,,,,
1773717220.049,35.15,0,,,,,
1773717220.082,35.18,0,,,,,
1773717220.116,35.22,0,,,,,
1773717220.164,35.26,0,,,,,
1773717220.207,35.31,0,,,,,
1773717220.252,35.35,0,,,,,
1773717220.295,35.39,0,,,,,
1773717220.335,35.43,0,,,,,
1773717220.358,35.46,0,,,,,
1773717220.389,35.49,0,,,,,
1773717220.422,35.52,0,,,,,
1773717220.457,35.56,0,,,,,
1773717220.496,35.60,0,,,,,
1773717220.536,35.64,0,,,,,
1773717220.550,35.65,0,,,,,
1773717220.605,35.70,0,,,,,
1773717220.636,35.74,0,,,,,
1773717220.676,35.78,0,,,,,
1773717220.727,35.83,0,,,,,
1773717220.751,35.85,0,,,,,
1773717220.809,35.91,0,,,,,
1773717220.828,35.93,0,,,,,
1773717220.868,35.97,0,,,,,
1773717220.912,36.01,0,,,,,
1773717220.939,36.04,0,,,,,
1773717220.970,36.07,0,,,,,
1773717221.027,36.13,0,,,,,
1773717221.063,36.16,0,,,,,
1773717221.092,36.19,0,,,,,
1773717221.150,36.25,0,,,,,
1773717221.182,36.28,0,,,,,
1773717221.215,36.31,0,,,,,
1773717221.263,36.36,0,,,,,
1773717221.288,36.39,0,,,,,
1773717221.334,36.43,0,,,,,
1773717221.363,36.46,0,,,,,
1773717221.409,36.51,0,,,,,
1773717221.454,36.55,0,,,,,
1773717221.500,36.60,0,,,,,
1773717221.519,36.62,0,,,,,
1773717221.552,36.65,0,,,,,
1773717221.596,36.70,0,,,,,
1773717221.625,36.72,0,,,,,
1773717221.683,36.78,0,,,,,
1773717221.706,36.80,0,,,,,
1773717221.753,36.85,0,,,,,
1773717221.789,36.89,0,,,,,
1773717221.824,36.92,0,,,,,
1773717221.873,36.97,0,,,,,
1773717221.900,37.00,0,,,,,
1773717221.925,37.02,0,,,,,
1773717221.962,37.06,0,,,,,
1773717221.998,37.10,0,,,,,
1773717222.026,37.12,0,,,,,
1773717222.059,37.16,0,,,,,
1773717222.100,37.20,0,,,,,
1773717222.134,37.23,0,,,,,
1773717222.165,37.26,0,,,,,
1773717222.226,37.33,0,,,,,
1773717222.237,37.34,0,,,,,
1773717222.298,37.40,0,,,,,
1773717222.306,37.40,0,,,,,
1773717222.333,37.43,0,,,,,
1773717222.371,37.47,0,,,,,
1773717222.405,37.50,0,,,,,
1773717222.436,37.54,0,,,,,
1773717222.478,37.58,0,,,,,
1773717222.508,37.61,0,,,,,
1773717222.557,37.66,0,,,,,
1773717222.587,37.69,0,,,,,
1773717222.609,37.71,0,,,,,
1773717222.649,37.75,0,,,,,
1773717222.678,37.78,0,,,,,
1773717222.718,37.82,0,,,,,
1773717222.772,37.87,0,,,,,
1773717222.800,37.90,0,,,,,
1773717222.924,38.02,0,,,,,
1773717222.926,38.02,0,,,,,
1773717222.930,38.03,0,,,,,
1773717222.933,38.03,0,,,,,
1773717222.953,38.05,0,,,,,
1773717222.992,38.09,0,,,,,
1773717223.024,38.12,0,,,,,
1773717223.047,38.15,0,,,,,
1773717223.087,38.19,0,,,,,
1773717223.151,38.25,0,,,,,
1773717223.170,38.27,0,,,,,
1773717223.204,38.30,0,,,,,
1773717223.242,38.34,0,,,,,
1773717223.299,38.40,0,,,,,
1773717223.319,38.42,0,,,,,
1773717223.359,38.46,0,,,,,
1773717223.387,38.49,0,,,,,
1773717223.437,38.54,0,,,,,
1773717223.454,38.55,0,,,,,
1773717223.489,38.59,0,,,,,
1773717223.536,38.64,0,,,,,
1773717223.560,38.66,0,,,,,
1773717223.597,38.70,0,,,,,
1773717223.645,38.74,0,,,,,
1773717223.673,38.77,0,,,,,
1773717223.706,38.81,0,,,,,
1773717223.756,38.86,0,,,,,
1773717223.804,38.90,0,,,,,
1773717223.828,38.93,0,,,,,
1773717223.875,38.97,0,,,,,
1773717223.907,39.01,0,,,,,
1773717223.949,39.05,0,,,,,
1773717223.969,39.07,0,,,,,
1773717224.002,39.10,0,,,,,
1773717224.039,39.14,0,,,,,
1773717224.070,39.17,0,,,,,
1773717224.110,39.21,0,,,,,
1773717224.143,39.24,0,,,,,
1773717224.176,39.27,0,,,,,
1773717224.208,39.31,0,,,,,
1773717224.254,39.35,0,,,,,
1773717224.302,39.40,0,,,,,
1773717224.339,39.44,0,,,,,
1773717224.381,39.48,0,,,,,
1773717224.435,39.53,0,,,,,
1773717224.491,39.59,0,,,,,
1773717224.539,39.64,0,,,,,
1773717224.600,39.70,0,,,,,
1773717224.621,39.72,0,,,,,
1773717224.655,39.75,0,,,,,
1773717224.702,39.80,0,,,,,
1773717224.733,39.83,0,,,,,
1773717224.770,39.87,0,,,,,
1773717224.810,39.91,0,,,,,
1773717224.836,39.93,0,,,,,
1773717224.877,39.98,0,,,,,
1773717224.915,40.01,0,,,,,
1773717224.964,40.06,0,,,,,
1773717224.984,40.08,0,,,,,
1773717225.013,40.11,0,,,,,
1773717225.049,40.15,0,,,,,
1773717225.084,40.18,0,,,,,
1773717225.128,40.23,0,,,,,
1773717225.161,40.26,0,,,,,
1773717225.197,40.30,0,,,,,
1773717225.239,40.34,0,,,,,
1773717225.264,40.36,0,,,,,
1773717225.299,40.40,0,,,,,
1773717225.340,40.44,0,,,,,
1773717225.383,40.48,0,,,,,
1773717225.415,40.51,0,,,,,
1773717225.451,40.55,0,,,,,
1773717225.475,40.57,0,,,,,
1773717225.511,40.61,0,,,,,
1773717225.543,40.64,0,,,,,
1773717225.578,40.68,0,,,,,
1773717225.615,40.71,0,,,,,
1773717225.660,40.76,0,,,,,
1773717225.691,40.79,0,,,,,
1773717225.722,40.82,0,,,,,
1773717225.760,40.86,0,,,,,
1773717225.795,40.89,0,,,,,
1773717225.830,40.93,0,,,,,
1773717225.879,40.98,0,,,,,
1773717225.913,41.01,0,,,,,
1773717225.941,41.04,0,,,,,
1773717225.975,41.07,0,,,,,
1773717226.020,41.12,0,,,,,
1773717226.046,41.14,0,,,,,
1773717226.068,41.17,0,,,,,
1773717226.115,41.21,0,,,,,
1773717226.163,41.26,0,,,,,
1773717226.195,41.29,0,,,,,
1773717226.240,41.34,0,,,,,
1773717226.286,41.38,0,,,,,
1773717226.315,41.41,0,,,,,
1773717226.351,41.45,0,,,,,
1773717226.400,41.50,0,,,,,
1773717226.420,41.52,0,,,,,
1773717226.461,41.56,0,,,,,
1773717226.494,41.59,0,,,,,
1773717226.540,41.64,0,,,,,
1773717226.560,41.66,0,,,,,
1773717226.591,41.69,0,,,,,
1773717226.618,41.72,0,,,,,
1773717226.654,41.75,0,,,,,
1773717226.690,41.79,0,,,,,
1773717226.725,41.82,0,,,,,
1773717226.770,41.87,0,,,,,
1773717226.806,41.91,0,,,,,
1773717226.835,41.93,0,,,,,
1773717226.881,41.98,0,,,,,
1773717226.905,42.00,0,,,,,
1773717226.948,42.05,0,,,,,
1773717226.993,42.09,0,,,,,
1773717227.050,42.15,0,,,,,
1773717227.094,42.19,0,,,,,
1773717227.118,42.22,0,,,,,
1773717227.156,42.26,0,,,,,
1773717227.193,42.29,0,,,,,
1773717227.253,42.35,0,,,,,
1773717227.308,42.41,0,,,,,
1773717227.347,42.45,0,,,,,
1773717227.387,42.49,0,,,,,
1773717227.425,42.52,0,,,,,
1773717227.450,42.55,0,,,,,
1773717227.508,42.61,0,,,,,
1773717227.544,42.64,0,,,,,
1773717227.586,42.69,0,,,,,
1773717227.626,42.72,0,,,,,
1773717227.698,42.80,0,,,,,
1773717227.721,42.82,0,,,,,
1773717227.754,42.85,0,,,,,
1773717227.805,42.90,0,,,,,
1773717227.848,42.95,0,,,,,
1773717227.893,42.99,0,,,,,
1773717227.922,43.02,0,,,,,
1773717227.955,43.05,0,,,,,
1773717227.996,43.09,0,,,,,
1773717228.039,43.14,0,,,,,
1773717228.067,43.17,0,,,,,
1773717228.125,43.22,0,,,,,
1773717228.156,43.26,0,,,,,
1773717228.200,43.30,0,,,,,
1773717228.250,43.35,0,,,,,
1773717228.272,43.37,0,,,,,
1773717228.333,43.43,0,,,,,
1773717228.376,43.47,0,,,,,
1773717228.410,43.51,0,,,,,
1773717228.434,43.53,0,,,,,
1773717228.488,43.59,0,,,,,
1773717228.525,43.62,0,,,,,
1773717228.554,43.65,0,,,,,
1773717228.623,43.72,0,,,,,
1773717228.659,43.76,0,,,,,
1773717228.680,43.78,0,,,,,
1773717228.746,43.84,0,,,,,
1773717228.770,43.87,0,,,,,
1773717228.811,43.91,0,,,,,
1773717228.861,43.96,0,,,,,
1773717228.892,43.99,0,,,,,
1773717228.933,44.03,0,,,,,
1773717228.992,44.09,0,,,,,
1773717229.023,44.12,0,,,,,
1773717229.052,44.15,0,,,,,
1773717229.093,44.19,0,,,,,
1773717229.144,44.24,0,,,,,
1773717229.176,44.28,0,,,,,
1773717229.220,44.32,0,,,,,
1773717229.259,44.36,0,,,,,
1773717229.281,44.38,0,,,,,
1773717229.333,44.43,0,,,,,
1773717229.401,44.50,0,,,,,
1773717229.421,44.52,0,,,,,
1773717229.467,44.57,0,,,,,
1773717229.506,44.61,0,,,,,
1773717229.541,44.64,0,,,,,
1773717229.573,44.67,0,,,,,
1773717229.615,44.71,1,person,0.255,46721,555.9,141.5
1773717229.652,44.75,1,person,0.257,45462,557.8,140.6
1773717229.696,44.80,0,,,,,
1773717229.733,44.83,2,person|person,0.371|0.291,61157|39104,530.3|569.3,141.6|141.4
1773717229.766,44.87,1,person,0.328,63352,526.6,141.7
1773717229.804,44.90,0,,,,,
1773717229.839,44.94,1,person,0.324,64047,525.3,141.6
1773717229.876,44.98,0,,,,,
1773717229.905,45.00,0,,,,,
1773717229.952,45.05,0,,,,,
1773717229.982,45.08,0,,,,,
1773717230.021,45.12,0,,,,,
1773717230.058,45.16,0,,,,,
1773717230.110,45.21,0,,,,,
1773717230.144,45.24,0,,,,,
1773717230.187,45.29,0,,,,,
1773717230.242,45.34,0,,,,,
1773717230.276,45.37,0,,,,,
1773717230.324,45.42,0,,,,,
1773717230.348,45.45,0,,,,,
1773717230.396,45.50,0,,,,,
1773717230.430,45.53,0,,,,,
1773717230.467,45.57,0,,,,,
1773717230.512,45.61,0,,,,,
1773717230.535,45.63,0,,,,,
1773717230.584,45.68,0,,,,,
1773717230.642,45.74,0,,,,,
1773717230.685,45.78,0,,,,,
1773717230.708,45.81,0,,,,,
1773717230.740,45.84,0,,,,,
1773717230.773,45.87,0,,,,,
1773717230.796,45.89,0,,,,,
1773717230.853,45.95,0,,,,,
1773717230.878,45.98,0,,,,,
1773717230.932,46.03,0,,,,,
1773717230.961,46.06,0,,,,,
1773717231.003,46.10,0,,,,,
1773717231.043,46.14,0,,,,,
1773717231.093,46.19,0,,,,,
1773717231.135,46.23,0,,,,,
1773717231.162,46.26,0,,,,,
1773717231.199,46.30,0,,,,,
1773717231.251,46.35,0,,,,,
1773717231.289,46.39,0,,,,,
1773717231.320,46.42,0,,,,,
1773717231.375,46.47,0,,,,,
1773717231.390,46.49,0,,,,,
1773717231.438,46.54,0,,,,,
1773717231.479,46.58,0,,,,,
1773717231.510,46.61,0,,,,,
1773717231.553,46.65,0,,,,,
1773717231.605,46.70,0,,,,,
1773717231.623,46.72,0,,,,,
1773717231.679,46.78,0,,,,,
1773717231.721,46.82,0,,,,,
1773717231.764,46.86,0,,,,,
1773717231.805,46.90,0,,,,,
1773717231.827,46.93,0,,,,,
1773717231.865,46.96,0,,,,,
1773717231.900,47.00,0,,,,,
1773717231.930,47.03,0,,,,,
1773717231.964,47.06,0,,,,,
1773717231.995,47.09,0,,,,,
1773717232.032,47.13,0,,,,,
1773717232.072,47.17,0,,,,,
1773717232.118,47.22,0,,,,,
1773717232.160,47.26,0,,,,,
1773717232.206,47.31,0,,,,,
1773717232.262,47.36,0,,,,,
1773717232.303,47.40,0,,,,,
1773717232.346,47.44,0,,,,,
1773717232.397,47.50,0,,,,,
1773717232.470,47.57,0,,,,,
1773717232.488,47.59,0,,,,,
1773717232.530,47.63,0,,,,,
1773717232.583,47.68,0,,,,,
1773717232.644,47.74,0,,,,,
1773717232.680,47.78,0,,,,,
1773717232.750,47.85,0,,,,,
1773717232.794,47.89,0,,,,,
1773717232.831,47.93,0,,,,,
1773717232.891,47.99,0,,,,,
1773717232.920,48.02,0,,,,,
1773717232.972,48.07,0,,,,,
1773717233.015,48.11,0,,,,,
1773717233.048,48.15,0,,,,,
1773717233.096,48.19,0,,,,,
1773717233.159,48.26,0,,,,,
1773717233.213,48.31,1,person,0.440,63235,526.8,141.8
1773717233.268,48.37,1,person,0.297,25272,593.4,139.4
1773717233.328,48.43,0,,,,,
1773717233.359,48.46,0,,,,,
1773717233.396,48.50,0,,,,,
1773717233.423,48.52,0,,,,,
1773717233.465,48.56,0,,,,,
1773717233.523,48.62,0,,,,,
1773717233.560,48.66,0,,,,,
1773717233.594,48.69,0,,,,,
1773717233.632,48.73,0,,,,,
1773717233.655,48.75,0,,,,,
1773717233.697,48.80,0,,,,,
1773717233.741,48.84,0,,,,,
1773717233.775,48.87,0,,,,,
1773717233.814,48.91,0,,,,,
1773717233.847,48.95,1,person,0.307,10360,620.8,138.5
1773717233.885,48.98,0,,,,,
1773717233.928,49.03,1,person,0.300,22280,599.0,139.8
1773717233.958,49.06,1,person,0.271,28684,587.5,140.3
1773717233.990,49.09,2,person|person,0.306|0.261,61383|37542,530.2|572.0,141.8|141.0
1773717234.036,49.14,0,,,,,
1773717234.061,49.16,0,,,,,
1773717234.098,49.20,0,,,,,
1773717234.120,49.22,0,,,,,
1773717234.185,49.28,0,,,,,
1773717234.205,49.30,0,,,,,
1773717234.250,49.35,0,,,,,
1773717234.288,49.39,0,,,,,
1773717234.317,49.42,0,,,,,
1773717234.359,49.46,0,,,,,
1773717234.389,49.49,0,,,,,
1773717234.409,49.51,0,,,,,
1773717234.465,49.56,0,,,,,
1773717234.501,49.60,0,,,,,
1773717234.526,49.62,0,,,,,
1773717234.562,49.66,0,,,,,
1773717234.592,49.69,0,,,,,
1773717234.643,49.74,0,,,,,
1773717234.675,49.77,0,,,,,
1773717234.709,49.81,0,,,,,
1773717234.742,49.84,0,,,,,
1773717234.776,49.88,0,,,,,
1773717234.800,49.90,0,,,,,
1773717234.861,49.96,0,,,,,
1773717234.894,49.99,0,,,,,
1773717234.930,50.03,0,,,,,
1773717234.962,50.06,0,,,,,
1773717235.009,50.11,0,,,,,
1773717235.036,50.13,0,,,,,
1773717235.072,50.17,0,,,,,
1773717235.101,50.20,0,,,,,
1773717235.155,50.25,0,,,,,
1773717235.220,50.32,0,,,,,
1773717235.244,50.34,0,,,,,
1773717235.288,50.39,0,,,,,
1773717235.319,50.42,0,,,,,
1773717235.358,50.46,0,,,,,
1773717235.384,50.48,0,,,,,
1773717235.433,50.53,0,,,,,
1773717235.468,50.57,0,,,,,
1773717235.508,50.61,0,,,,,
1773717235.560,50.66,0,,,,,
1773717235.611,50.71,0,,,,,
1773717235.619,50.72,0,,,,,
1773717235.695,50.79,0,,,,,
1773717235.745,50.84,0,,,,,
1773717235.762,50.86,0,,,,,
1773717235.790,50.89,0,,,,,
1773717235.856,50.96,0,,,,,
1773717235.864,50.96,0,,,,,
1773717235.899,51.00,0,,,,,
1773717235.932,51.03,0,,,,,
1773717235.973,51.07,0,,,,,
1773717236.006,51.10,0,,,,,
1773717236.055,51.15,0,,,,,
1773717236.107,51.21,0,,,,,
1773717236.153,51.25,0,,,,,
1773717236.211,51.31,0,,,,,
1773717236.246,51.35,0,,,,,
1773717236.275,51.37,0,,,,,
1773717236.327,51.43,0,,,,,
1773717236.367,51.47,0,,,,,
1773717236.418,51.52,0,,,,,
1773717236.455,51.55,0,,,,,
1773717236.481,51.58,0,,,,,
1773717236.517,51.62,0,,,,,
1773717236.567,51.67,0,,,,,
1773717236.605,51.70,0,,,,,
1773717236.643,51.74,0,,,,,
1773717236.697,51.80,0,,,,,
1773717236.722,51.82,0,,,,,
1773717236.757,51.86,0,,,,,
1773717236.843,51.94,0,,,,,
1773717236.861,51.96,0,,,,,
1773717236.890,51.99,0,,,,,
1773717236.938,52.04,0,,,,,
1773717236.973,52.07,0,,,,,
1773717237.000,52.10,0,,,,,
1773717237.049,52.15,0,,,,,
1773717237.082,52.18,0,,,,,
1773717237.139,52.24,0,,,,,
1773717237.176,52.28,0,,,,,
1773717237.214,52.31,0,,,,,
1773717237.248,52.35,0,,,,,
1773717237.286,52.39,0,,,,,
1773717237.317,52.42,0,,,,,
1773717237.357,52.46,0,,,,,
1773717237.388,52.49,0,,,,,
1773717237.446,52.55,0,,,,,
1773717237.470,52.57,0,,,,,
1773717237.531,52.63,0,,,,,
1773717237.560,52.66,0,,,,,
1773717237.606,52.71,0,,,,,
1773717237.630,52.73,0,,,,,
1773717237.666,52.76,0,,,,,
1773717237.692,52.79,0,,,,,
1773717237.735,52.83,0,,,,,
1773717237.756,52.86,0,,,,,
1773717237.817,52.92,0,,,,,
1773717237.835,52.93,0,,,,,
1773717237.879,52.98,0,,,,,
1773717237.923,53.02,0,,,,,
1773717237.960,53.06,0,,,,,
1773717237.988,53.09,0,,,,,
1773717238.032,53.13,0,,,,,
1773717238.060,53.16,0,,,,,
1773717238.090,53.19,0,,,,,
1773717238.122,53.22,0,,,,,
1773717238.176,53.28,0,,,,,
1773717238.203,53.30,0,,,,,
1773717238.253,53.35,0,,,,,
1773717238.285,53.38,0,,,,,
1773717238.326,53.42,0,,,,,
1773717238.353,53.45,0,,,,,
1773717238.397,53.50,0,,,,,
1773717238.445,53.54,0,,,,,
1773717238.466,53.57,0,,,,,
1773717238.520,53.62,0,,,,,
1773717238.547,53.65,0,,,,,
1773717238.602,53.70,0,,,,,
1773717238.636,53.74,0,,,,,
1773717238.673,53.77,0,,,,,
1773717238.714,53.81,0,,,,,
1773717238.751,53.85,0,,,,,
1773717238.771,53.87,0,,,,,
1773717238.824,53.92,0,,,,,
1773717238.861,53.96,0,,,,,
1773717238.894,53.99,0,,,,,
1773717238.915,54.01,0,,,,,
1773717238.951,54.05,0,,,,,
1773717239.002,54.10,0,,,,,
1773717239.064,54.16,0,,,,,
1773717239.094,54.19,0,,,,,
1773717239.123,54.22,0,,,,,
1773717239.185,54.28,0,,,,,
1773717239.227,54.33,0,,,,,
1773717239.277,54.38,0,,,,,
1773717239.314,54.41,0,,,,,
1773717239.363,54.46,0,,,,,
1773717239.399,54.50,0,,,,,
1773717239.443,54.54,0,,,,,
1773717239.479,54.58,0,,,,,
1773717239.534,54.63,0,,,,,
1773717239.552,54.65,0,,,,,
1773717239.598,54.70,0,,,,,
1773717239.641,54.74,0,,,,,
1773717239.665,54.76,0,,,,,
1773717239.714,54.81,0,,,,,
1773717239.758,54.86,0,,,,,
1773717239.806,54.91,0,,,,,
1773717239.848,54.95,0,,,,,
1773717239.878,54.98,0,,,,,
1773717239.925,55.02,0,,,,,
1773717239.956,55.06,0,,,,,
1773717239.984,55.08,0,,,,,
1773717240.069,55.17,0,,,,,
1773717240.105,55.20,0,,,,,
1773717240.136,55.24,0,,,,,
1773717240.190,55.29,0,,,,,
1773717240.228,55.33,0,,,,,
1773717240.288,55.39,0,,,,,
1773717240.320,55.42,0,,,,,
1773717240.359,55.46,0,,,,,
1773717240.434,55.53,0,,,,,
1773717240.450,55.55,0,,,,,
1773717240.483,55.58,0,,,,,
1773717240.524,55.62,0,,,,,
1773717240.571,55.67,0,,,,,
1773717240.616,55.71,0,,,,,
1773717240.671,55.77,0,,,,,
1773717240.720,55.82,0,,,,,
1773717240.757,55.86,0,,,,,
1773717240.818,55.92,0,,,,,
1773717240.850,55.95,0,,,,,
1773717240.894,55.99,0,,,,,
1773717240.949,56.05,0,,,,,
1773717240.998,56.10,0,,,,,
1773717241.036,56.14,0,,,,,
1773717241.074,56.17,0,,,,,
1773717241.121,56.22,0,,,,,
1773717241.164,56.26,0,,,,,
1773717241.209,56.31,0,,,,,
1773717241.240,56.34,0,,,,,
1773717241.293,56.39,0,,,,,
1773717241.330,56.43,0,,,,,
1773717241.352,56.45,0,,,,,
1773717241.403,56.50,0,,,,,
1773717241.444,56.54,0,,,,,
1773717241.474,56.57,0,,,,,
1773717241.511,56.61,0,,,,,
1773717241.555,56.65,0,,,,,
1773717241.579,56.68,0,,,,,
1773717241.611,56.71,0,,,,,
1773717241.642,56.74,0,,,,,
1773717241.698,56.80,0,,,,,
1773717241.741,56.84,0,,,,,
1773717241.773,56.87,0,,,,,
1773717241.826,56.93,0,,,,,
1773717241.847,56.95,0,,,,,
1773717241.884,56.98,0,,,,,
1773717241.926,57.02,0,,,,,
1773717241.964,57.06,0,,,,,
1773717241.994,57.09,0,,,,,
1773717242.084,57.18,0,,,,,
1773717242.136,57.24,0,,,,,
1773717242.176,57.27,0,,,,,
1773717242.196,57.29,0,,,,,
1773717242.282,57.38,0,,,,,
1773717242.296,57.40,0,,,,,
1773717242.336,57.44,0,,,,,
1773717242.374,57.47,0,,,,,
1773717242.427,57.53,0,,,,,
1773717242.465,57.56,0,,,,,
1773717242.501,57.60,0,,,,,
1773717242.548,57.65,0,,,,,
1773717242.579,57.68,0,,,,,
1773717242.630,57.73,0,,,,,
1773717242.668,57.77,0,,,,,
1773717242.701,57.80,0,,,,,
1773717242.734,57.83,0,,,,,
1773717242.755,57.85,0,,,,,
1773717242.797,57.90,0,,,,,
1773717242.856,57.96,0,,,,,
1773717242.881,57.98,0,,,,,
1773717242.908,58.01,0,,,,,
1773717242.946,58.05,0,,,,,
1773717242.992,58.09,0,,,,,
1773717243.027,58.13,0,,,,,
1773717243.051,58.15,0,,,,,
1773717243.104,58.20,0,,,,,
1773717243.140,58.24,0,,,,,
1773717243.178,58.28,0,,,,,
1773717243.217,58.32,0,,,,,
1773717243.247,58.35,0,,,,,
1773717243.272,58.37,0,,,,,
1773717243.318,58.42,0,,,,,
1773717243.354,58.45,0,,,,,
1773717243.385,58.48,0,,,,,
1773717243.430,58.53,0,,,,,
1773717243.464,58.56,0,,,,,
1773717243.490,58.59,0,,,,,
1773717243.524,58.62,0,,,,,
1773717243.572,58.67,0,,,,,
1773717243.610,58.71,0,,,,,
1773717243.646,58.75,0,,,,,
1773717243.698,58.80,0,,,,,
1773717243.734,58.83,0,,,,,
1773717243.759,58.86,0,,,,,
1773717243.801,58.90,0,,,,,
1773717243.822,58.92,0,,,,,
1773717243.852,58.95,0,,,,,
1773717243.883,58.98,0,,,,,
1773717243.937,59.04,0,,,,,
1773717243.956,59.06,0,,,,,
1773717244.001,59.10,0,,,,,
1773717244.044,59.14,0,,,,,
1773717244.068,59.17,0,,,,,
1773717244.127,59.23,0,,,,,
1773717244.153,59.25,0,,,,,
1773717244.193,59.29,0,,,,,
1773717244.238,59.34,0,,,,,
1773717244.270,59.37,0,,,,,
1773717244.300,59.40,0,,,,,
1773717244.347,59.45,0,,,,,
1773717244.378,59.48,0,,,,,
1773717244.419,59.52,0,,,,,
1773717244.462,59.56,0,,,,,
1773717244.506,59.61,0,,,,,
1773717244.531,59.63,0,,,,,
1773717244.565,59.66,0,,,,,
1773717244.622,59.72,0,,,,,
1773717244.644,59.74,0,,,,,
1773717244.673,59.77,0,,,,,
1773717244.704,59.80,0,,,,,
1773717244.741,59.84,0,,,,,
1773717244.780,59.88,0,,,,,
1773717244.815,59.91,0,,,,,
1773717244.860,59.96,0,,,,,
1773717244.886,59.99,0,,,,,
1773717244.934,60.03,0,,,,,
1773717244.970,60.07,0,,,,,
1773717245.008,60.11,0,,,,,
1773717245.036,60.13,0,,,,,
1773717245.071,60.17,0,,,,,
1773717245.109,60.21,0,,,,,
1773717245.141,60.24,0,,,,,
1773717245.180,60.28,0,,,,,
1773717245.205,60.30,0,,,,,
1773717245.248,60.35,0,,,,,
1773717245.311,60.41,0,,,,,
1773717245.343,60.44,0,,,,,
1773717245.393,60.49,0,,,,,
1773717245.433,60.53,0,,,,,
1773717245.462,60.56,0,,,,,
1773717245.491,60.59,0,,,,,
1773717245.525,60.62,0,,,,,
1773717245.562,60.66,0,,,,,
1773717245.595,60.69,0,,,,,
1773717245.646,60.75,0,,,,,
1773717245.680,60.78,0,,,,,
1773717245.705,60.80,0,,,,,
1773717245.740,60.84,0,,,,,
1773717245.764,60.86,0,,,,,
1773717245.808,60.91,0,,,,,
1773717245.841,60.94,0,,,,,
1773717245.874,60.97,0,,,,,
1773717245.921,61.02,0,,,,,
1773717245.948,61.05,0,,,,,
1773717245.979,61.08,0,,,,,
1773717246.023,61.12,0,,,,,
1773717246.055,61.15,0,,,,,
1773717246.087,61.19,0,,,,,
1773717246.119,61.22,0,,,,,
1773717246.155,61.25,0,,,,,
1773717246.175,61.27,0,,,,,
1773717246.221,61.32,0,,,,,
1773717246.246,61.35,0,,,,,
1773717246.280,61.38,0,,,,,
1773717246.325,61.42,0,,,,,
1773717246.358,61.46,0,,,,,
1773717246.385,61.48,0,,,,,
1773717246.424,61.52,0,,,,,
1773717246.459,61.56,0,,,,,
1773717246.527,61.63,0,,,,,
1773717246.561,61.66,0,,,,,
1773717246.572,61.67,0,,,,,
1773717246.600,61.70,0,,,,,
1773717246.632,61.73,0,,,,,
1773717246.682,61.78,0,,,,,
1773717246.717,61.82,0,,,,,
1773717246.769,61.87,0,,,,,
1773717246.810,61.91,0,,,,,
1773717246.846,61.94,0,,,,,
1773717246.877,61.98,0,,,,,
1773717246.905,62.00,0,,,,,
1773717246.934,62.03,0,,,,,
1773717246.968,62.07,0,,,,,
1773717247.013,62.11,0,,,,,
1773717247.046,62.14,0,,,,,
1773717247.080,62.18,0,,,,,
1773717247.112,62.21,0,,,,,
1773717247.168,62.27,0,,,,,
1773717247.205,62.30,0,,,,,
1773717247.236,62.34,0,,,,,
1773717247.268,62.37,0,,,,,
1773717247.298,62.40,0,,,,,
1773717247.330,62.43,0,,,,,
1773717247.361,62.46,0,,,,,
1773717247.403,62.50,0,,,,,
1773717247.432,62.53,0,,,,,
1773717247.471,62.57,0,,,,,
1773717247.501,62.60,0,,,,,
1773717247.530,62.63,0,,,,,
1773717247.568,62.67,0,,,,,
1773717247.620,62.72,0,,,,,
1773717247.655,62.75,0,,,,,
1773717247.690,62.79,0,,,,,
1773717247.740,62.84,0,,,,,
1773717247.786,62.88,0,,,,,
1773717247.810,62.91,0,,,,,
1773717247.854,62.95,0,,,,,
1773717247.888,62.99,0,,,,,
1773717247.922,63.02,0,,,,,
1773717247.966,63.07,0,,,,,
1773717248.002,63.10,0,,,,,
1773717248.036,63.14,0,,,,,
1773717248.080,63.18,0,,,,,
1773717248.112,63.21,0,,,,,
1773717248.148,63.25,0,,,,,
1773717248.196,63.30,0,,,,,
1773717248.229,63.33,0,,,,,
1773717248.267,63.37,0,,,,,
1773717248.307,63.41,0,,,,,
1773717248.354,63.45,0,,,,,
1773717248.387,63.49,0,,,,,
1773717248.428,63.53,0,,,,,
1773717248.468,63.57,0,,,,,
1773717248.506,63.61,0,,,,,
1773717248.571,63.67,0,,,,,
1773717248.613,63.71,0,,,,,
1773717248.647,63.75,0,,,,,
1773717248.676,63.77,0,,,,,
1773717248.711,63.81,0,,,,,
1773717248.756,63.86,0,,,,,
1773717248.795,63.89,0,,,,,
1773717248.814,63.91,0,,,,,
1773717248.865,63.96,0,,,,,
1773717248.888,63.99,0,,,,,
1773717248.941,64.04,0,,,,,
1773717248.967,64.07,0,,,,,
1773717249.012,64.11,0,,,,,
1773717249.036,64.13,0,,,,,
1773717249.071,64.17,0,,,,,
1773717249.123,64.22,0,,,,,
1773717249.142,64.24,0,,,,,
1773717249.181,64.28,0,,,,,
1773717249.220,64.32,0,,,,,
1773717249.250,64.35,0,,,,,
1773717249.293,64.39,0,,,,,
1773717249.346,64.45,0,,,,,
1773717249.381,64.48,0,,,,,
1773717249.403,64.50,0,,,,,
1773717249.445,64.54,0,,,,,
1773717249.491,64.59,0,,,,,
1773717249.513,64.61,0,,,,,
1773717249.536,64.63,0,,,,,
1773717249.570,64.67,0,,,,,
1773717249.615,64.71,0,,,,,
1773717249.651,64.75,0,,,,,
1773717249.680,64.78,0,,,,,
1773717249.711,64.81,0,,,,,
1773717249.742,64.84,0,,,,,
1773717249.775,64.87,0,,,,,
1773717249.812,64.91,0,,,,,
1773717249.856,64.96,0,,,,,
1773717249.880,64.98,0,,,,,
1773717249.925,65.02,0,,,,,
1773717249.961,65.06,0,,,,,
1773717249.984,65.08,0,,,,,
1773717250.019,65.12,0,,,,,
1773717250.051,65.15,0,,,,,
1773717250.087,65.19,0,,,,,
1773717250.135,65.23,0,,,,,
1773717250.164,65.26,0,,,,,
1773717250.217,65.32,0,,,,,
1773717250.240,65.34,0,,,,,
1773717250.293,65.39,0,,,,,
1773717250.314,65.41,0,,,,,
1773717250.348,65.45,0,,,,,
1773717250.392,65.49,0,,,,,
1773717250.432,65.53,0,,,,,
1773717250.461,65.56,0,,,,,
1773717250.502,65.60,0,,,,,
1773717250.528,65.63,0,,,,,
1773717250.564,65.66,0,,,,,
1773717250.601,65.70,0,,,,,
1773717250.649,65.75,0,,,,,
1773717250.674,65.77,0,,,,,
1773717250.734,65.83,0,,,,,
1773717250.752,65.85,0,,,,,
1773717250.786,65.89,0,,,,,
1773717250.834,65.93,0,,,,,
1773717250.863,65.96,0,,,,,
1773717250.916,66.02,0,,,,,
1773717250.943,66.04,0,,,,,
1773717250.973,66.07,0,,,,,
1773717251.008,66.11,0,,,,,
1773717251.037,66.14,0,,,,,
1773717251.079,66.18,0,,,,,
1773717251.111,66.21,0,,,,,
1773717251.162,66.26,0,,,,,
1773717251.194,66.29,0,,,,,
1773717251.219,66.32,0,,,,,
1773717251.265,66.36,0,,,,,
1773717251.312,66.41,0,,,,,
1773717251.353,66.45,0,,,,,
1773717251.392,66.49,0,,,,,
1773717251.438,66.54,0,,,,,
1773717251.484,66.58,0,,,,,
1773717251.515,66.61,0,,,,,
1773717251.567,66.67,0,,,,,
1773717251.605,66.70,0,,,,,
1773717251.641,66.74,0,,,,,
1773717251.699,66.80,0,,,,,
1773717251.725,66.82,0,,,,,
1773717251.756,66.86,0,,,,,
1773717251.798,66.90,0,,,,,
1773717251.829,66.93,0,,,,,
1773717251.858,66.96,0,,,,,
1773717251.906,67.01,0,,,,,
1773717251.929,67.03,0,,,,,
1773717251.960,67.06,0,,,,,
1773717252.000,67.10,0,,,,,
1773717252.052,67.15,0,,,,,
1773717252.074,67.17,0,,,,,
1773717252.117,67.22,0,,,,,
1773717252.150,67.25,0,,,,,
1773717252.191,67.29,0,,,,,
1773717252.231,67.33,0,,,,,
1773717252.249,67.35,0,,,,,
1773717252.297,67.40,0,,,,,
1773717252.323,67.42,0,,,,,
1773717252.357,67.46,0,,,,,
1773717252.402,67.50,0,,,,,
1773717252.421,67.52,0,,,,,
1773717252.459,67.56,0,,,,,
1773717252.497,67.60,0,,,,,
1773717252.527,67.63,0,,,,,
1773717252.579,67.68,0,,,,,
1773717252.623,67.72,0,,,,,
1773717252.643,67.74,0,,,,,
1773717252.686,67.79,0,,,,,
1773717252.704,67.80,0,,,,,
1773717252.747,67.85,0,,,,,
1773717252.788,67.89,0,,,,,
1773717252.817,67.92,0,,,,,
1773717252.867,67.97,0,,,,,
1773717252.875,67.97,0,,,,,
1773717252.920,68.02,0,,,,,
1773717252.940,68.04,0,,,,,
1773717252.990,68.09,0,,,,,
1773717253.020,68.12,0,,,,,
1773717253.044,68.14,0,,,,,
1773717253.091,68.19,0,,,,,
1773717253.137,68.24,0,,,,,
1773717253.166,68.27,0,,,,,
1773717253.210,68.31,0,,,,,
1773717253.233,68.33,0,,,,,
1773717253.269,68.37,0,,,,,
1773717253.291,68.39,0,,,,,
1773717253.329,68.43,0,,,,,
1773717253.350,68.45,0,,,,,
1773717253.386,68.49,0,,,,,
1773717253.430,68.53,0,,,,,
1773717253.458,68.56,0,,,,,
1773717253.480,68.58,0,,,,,
1773717253.521,68.62,0,,,,,
1773717253.549,68.65,0,,,,,
1773717253.583,68.68,0,,,,,
1773717253.619,68.72,0,,,,,
1773717253.652,68.75,0,,,,,
1773717253.689,68.79,0,,,,,
1773717253.721,68.82,0,,,,,
1773717253.766,68.86,0,,,,,
1773717253.811,68.91,0,,,,,
1773717253.869,68.97,0,,,,,
1773717253.870,68.97,0,,,,,
1773717253.902,69.00,0,,,,,
1773717253.929,69.03,0,,,,,
1773717253.968,69.07,0,,,,,
1773717254.002,69.10,0,,,,,
1773717254.032,69.13,0,,,,,
1773717254.079,69.18,0,,,,,
1773717254.122,69.22,0,,,,,
1773717254.140,69.24,0,,,,,
1773717254.183,69.28,0,,,,,
1773717254.219,69.32,0,,,,,
1773717254.249,69.35,0,,,,,
1773717254.304,69.40,0,,,,,
1773717254.339,69.44,0,,,,,
1773717254.395,69.49,0,,,,,
1773717254.432,69.53,0,,,,,
1773717254.461,69.56,0,,,,,
1773717254.492,69.59,0,,,,,
1773717254.541,69.64,0,,,,,
1773717254.585,69.68,0,,,,,
1773717254.613,69.71,0,,,,,
1773717254.662,69.76,0,,,,,
1773717254.701,69.80,0,,,,,
1773717254.749,69.85,0,,,,,
1773717254.781,69.88,0,,,,,
1773717254.807,69.91,0,,,,,
1773717254.837,69.94,0,,,,,
1773717254.876,69.98,0,,,,,
1773717254.914,70.01,0,,,,,
1773717254.948,70.05,0,,,,,
1773717254.993,70.09,0,,,,,
1773717255.031,70.13,0,,,,,
1773717255.057,70.16,0,,,,,
1773717255.091,70.19,0,,,,,
1773717255.133,70.23,0,,,,,
1773717255.184,70.28,0,,,,,
1773717255.222,70.32,0,,,,,
1773717255.252,70.35,0,,,,,
1773717255.290,70.39,0,,,,,
1773717255.319,70.42,0,,,,,
1773717255.367,70.47,0,,,,,
1773717255.393,70.49,0,,,,,
1773717255.437,70.54,0,,,,,
1773717255.468,70.57,0,,,,,
1773717255.505,70.60,0,,,,,
1773717255.543,70.64,0,,,,,
1773717255.573,70.67,0,,,,,
1773717255.631,70.73,0,,,,,
1773717255.656,70.76,0,,,,,
1773717255.685,70.78,0,,,,,
1773717255.729,70.83,0,,,,,
1773717255.755,70.85,0,,,,,
1773717255.800,70.90,0,,,,,
1773717255.832,70.93,0,,,,,
1773717255.874,70.97,0,,,,,
1773717255.919,71.02,0,,,,,
1773717255.938,71.04,0,,,,,
1773717255.985,71.08,0,,,,,
1773717256.010,71.11,0,,,,,
1773717256.042,71.14,0,,,,,
1773717256.088,71.19,0,,,,,
1773717256.123,71.22,0,,,,,
1773717256.165,71.26,0,,,,,
1773717256.193,71.29,0,,,,,
1773717256.246,71.35,0,,,,,
1773717256.286,71.39,0,,,,,
1773717256.312,71.41,0,,,,,
1773717256.350,71.45,0,,,,,
1773717256.374,71.47,0,,,,,
1773717256.410,71.51,0,,,,,
1773717256.428,71.53,0,,,,,
1773717256.460,71.56,0,,,,,
1773717256.499,71.60,0,,,,,
1773717256.541,71.64,0,,,,,
1773717256.579,71.68,0,,,,,
1773717256.611,71.71,0,,,,,
1773717256.636,71.74,0,,,,,
1773717256.663,71.76,0,,,,,
1773717256.699,71.80,0,,,,,
1773717256.727,71.83,0,,,,,
1773717256.781,71.88,0,,,,,
1773717256.806,71.91,0,,,,,
1773717256.849,71.95,0,,,,,
1773717256.871,71.97,0,,,,,
1773717256.918,72.02,0,,,,,
1773717256.948,72.05,0,,,,,
1773717256.984,72.08,0,,,,,
1773717257.014,72.11,0,,,,,
1773717257.055,72.15,0,,,,,
1773717257.075,72.17,0,,,,,
1773717257.118,72.22,0,,,,,
1773717257.146,72.25,0,,,,,
1773717257.194,72.29,0,,,,,
1773717257.221,72.32,0,,,,,
1773717257.259,72.36,0,,,,,
1773717257.295,72.39,0,,,,,
1773717257.339,72.44,0,,,,,
1773717257.370,72.47,0,,,,,
1773717257.415,72.51,0,,,,,
1773717257.436,72.54,0,,,,,
1773717257.488,72.59,0,,,,,
1773717257.528,72.63,0,,,,,
1773717257.562,72.66,0,,,,,
1773717257.601,72.70,0,,,,,
1773717257.636,72.73,0,,,,,
1773717257.660,72.76,0,,,,,
1773717257.692,72.79,0,,,,,
1773717257.729,72.83,0,,,,,
1773717257.768,72.87,0,,,,,
1773717257.801,72.90,0,,,,,
1773717257.838,72.94,0,,,,,
1773717257.874,72.97,0,,,,,
1773717257.910,73.01,0,,,,,
1773717257.950,73.05,0,,,,,
1773717257.983,73.08,0,,,,,
1773717258.034,73.13,0,,,,,
1773717258.063,73.16,0,,,,,
1773717258.100,73.20,0,,,,,
1773717258.142,73.24,0,,,,,
1773717258.186,73.29,0,,,,,
1773717258.220,73.32,0,,,,,
1773717258.272,73.37,0,,,,,
1773717258.294,73.39,0,,,,,
1773717258.333,73.43,0,,,,,
1773717258.372,73.47,0,,,,,
1773717258.398,73.50,0,,,,,
1773717258.447,73.55,0,,,,,
1773717258.480,73.58,0,,,,,
1773717258.526,73.63,0,,,,,
1773717258.563,73.66,0,,,,,
1773717258.608,73.71,0,,,,,
1773717258.648,73.75,0,,,,,
1773717258.693,73.79,0,,,,,
1773717258.732,73.83,0,,,,,
1773717258.772,73.87,0,,,,,
1773717258.807,73.91,0,,,,,
1773717258.840,73.94,0,,,,,
1773717258.900,74.00,0,,,,,
1773717258.929,74.03,0,,,,,
1773717258.970,74.07,0,,,,,
1773717259.038,74.14,0,,,,,
1773717259.059,74.16,0,,,,,
1773717259.085,74.18,0,,,,,
1773717259.132,74.23,0,,,,,
1773717259.189,74.29,0,,,,,
1773717259.210,74.31,0,,,,,
1773717259.269,74.37,0,,,,,
1773717259.307,74.41,0,,,,,
1773717259.339,74.44,0,,,,,
1773717259.406,74.51,0,,,,,
1773717259.464,74.56,0,,,,,
1773717259.511,74.61,0,,,,,
1773717259.532,74.63,0,,,,,
1773717259.579,74.68,0,,,,,
1773717259.624,74.72,0,,,,,
1773717259.683,74.78,0,,,,,
1773717259.717,74.82,0,,,,,
1773717259.756,74.86,0,,,,,
1773717259.834,74.93,0,,,,,
1773717259.893,74.99,0,,,,,
1773717259.920,75.02,0,,,,,
1773717259.958,75.06,0,,,,,
1773717259.994,75.09,0,,,,,
1773717260.025,75.12,0,,,,,
1773717260.078,75.18,0,,,,,
1773717260.125,75.22,0,,,,,
1773717260.156,75.25,0,,,,,
1773717260.198,75.30,0,,,,,
1773717260.238,75.34,0,,,,,
1773717260.282,75.38,0,,,,,
1773717260.325,75.42,0,,,,,
1773717260.391,75.49,0,,,,,
1773717260.426,75.53,0,,,,,
1773717260.483,75.58,0,,,,,
1773717260.535,75.63,0,,,,,
1773717260.567,75.67,0,,,,,
1773717260.611,75.71,0,,,,,
1773717260.646,75.75,0,,,,,
1773717260.703,75.80,0,,,,,
1773717260.736,75.83,0,,,,,
1773717260.792,75.89,0,,,,,
1773717260.828,75.93,0,,,,,
1773717260.864,75.96,0,,,,,
1773717260.897,76.00,0,,,,,
1773717260.923,76.02,0,,,,,
1773717260.995,76.09,0,,,,,
1773717261.022,76.12,0,,,,,
1773717261.063,76.16,0,,,,,
1773717261.096,76.19,0,,,,,
1773717261.132,76.23,0,,,,,
1773717261.170,76.27,0,,,,,
1773717261.208,76.31,0,,,,,
1773717261.224,76.32,0,,,,,
1773717261.268,76.37,0,,,,,
1773717261.313,76.41,0,,,,,
1773717261.354,76.45,0,,,,,
1773717261.383,76.48,0,,,,,
1773717261.421,76.52,0,,,,,
1773717261.451,76.55,0,,,,,
1773717261.490,76.59,0,,,,,
1773717261.549,76.65,0,,,,,
1773717261.588,76.69,0,,,,,
1773717261.664,76.76,0,,,,,
1773717261.697,76.80,0,,,,,
1773717261.729,76.83,0,,,,,
1773717261.771,76.87,0,,,,,
1773717261.806,76.91,0,,,,,
1773717261.852,76.95,0,,,,,
1773717261.890,76.99,0,,,,,
1773717261.922,77.02,0,,,,,
1773717261.963,77.06,0,,,,,
1773717262.002,77.10,0,,,,,
1773717262.042,77.14,0,,,,,
1773717262.091,77.19,0,,,,,
1773717262.135,77.23,0,,,,,
1773717262.162,77.26,0,,,,,
1773717262.195,77.29,0,,,,,
1773717262.234,77.33,0,,,,,
1773717262.281,77.38,0,,,,,
1773717262.333,77.43,0,,,,,
1773717262.373,77.47,0,,,,,
1773717262.406,77.51,0,,,,,
1773717262.450,77.55,0,,,,,
1773717262.479,77.58,0,,,,,
1773717262.528,77.63,0,,,,,
1773717262.563,77.66,0,,,,,
1773717262.590,77.69,0,,,,,
1773717262.626,77.73,0,,,,,
1773717262.684,77.78,0,,,,,
1773717262.717,77.82,0,,,,,
1773717262.750,77.85,0,,,,,
1773717262.803,77.90,0,,,,,
1773717262.842,77.94,0,,,,,
1773717262.870,77.97,0,,,,,
1773717262.914,78.01,0,,,,,
1773717262.954,78.05,0,,,,,
1773717262.984,78.08,0,,,,,
1773717263.052,78.15,0,,,,,
1773717263.093,78.19,0,,,,,
1773717263.124,78.22,0,,,,,
1773717263.182,78.28,0,,,,,
1773717263.218,78.32,0,,,,,
1773717263.252,78.35,0,,,,,
1773717263.308,78.41,0,,,,,
1773717263.349,78.45,0,,,,,
1773717263.380,78.48,0,,,,,
1773717263.437,78.54,0,,,,,
1773717263.483,78.58,0,,,,,
1773717263.506,78.61,0,,,,,
1773717263.541,78.64,0,,,,,
1773717263.595,78.69,0,,,,,
1773717263.616,78.72,0,,,,,
1773717263.663,78.76,0,,,,,
1773717263.707,78.81,0,,,,,
1773717263.747,78.85,0,,,,,
1773717263.792,78.89,0,,,,,
1773717263.817,78.92,0,,,,,
1773717263.865,78.96,0,,,,,
1773717263.893,78.99,0,,,,,
1773717263.943,79.04,0,,,,,
1773717263.981,79.08,0,,,,,
1773717264.022,79.12,0,,,,,
1773717264.063,79.16,0,,,,,
1773717264.102,79.20,0,,,,,
1773717264.150,79.25,0,,,,,
1773717264.178,79.28,0,,,,,
1773717264.215,79.31,0,,,,,
1773717264.264,79.36,0,,,,,
1773717264.288,79.39,0,,,,,
1773717264.320,79.42,0,,,,,
1773717264.368,79.47,0,,,,,
1773717264.424,79.52,0,,,,,
1773717264.468,79.57,0,,,,,
1773717264.488,79.59,0,,,,,
1773717264.526,79.62,0,,,,,
1773717264.568,79.67,0,,,,,
1773717264.600,79.70,0,,,,,
1773717264.627,79.73,0,,,,,
1773717264.673,79.77,0,,,,,
1773717264.716,79.82,0,,,,,
1773717264.743,79.84,0,,,,,
1773717264.772,79.87,0,,,,,
1773717264.802,79.90,0,,,,,
1773717264.851,79.95,0,,,,,
1773717264.885,79.98,0,,,,,
1773717264.941,80.04,0,,,,,
1773717264.993,80.09,0,,,,,
1773717265.025,80.12,0,,,,,
1773717265.061,80.16,0,,,,,
1773717265.109,80.21,0,,,,,
1773717265.140,80.24,0,,,,,
1773717265.166,80.27,0,,,,,
1773717265.208,80.31,0,,,,,
1773717265.236,80.34,0,,,,,
1773717265.271,80.37,0,,,,,
1773717265.310,80.41,0,,,,,
1773717265.356,80.46,0,,,,,
1773717265.398,80.50,0,,,,,
1773717265.432,80.53,0,,,,,
1773717265.459,80.56,0,,,,,
1773717265.524,80.62,0,,,,,
1773717265.550,80.65,0,,,,,
1773717265.571,80.67,0,,,,,
1773717265.631,80.73,0,,,,,
1773717265.672,80.77,0,,,,,
1773717265.697,80.80,0,,,,,
1773717265.735,80.83,0,,,,,
1773717265.790,80.89,0,,,,,
1773717265.813,80.91,0,,,,,
1773717265.869,80.97,0,,,,,
1773717265.913,81.01,0,,,,,
1773717265.944,81.04,0,,,,,
1773717265.989,81.09,0,,,,,
1773717266.021,81.12,0,,,,,
1773717266.063,81.16,0,,,,,
1773717266.123,81.22,0,,,,,
1773717266.143,81.24,0,,,,,
1773717266.182,81.28,0,,,,,
1773717266.238,81.34,0,,,,,
1773717266.299,81.40,0,,,,,
1773717266.348,81.45,0,,,,,
1773717266.373,81.47,0,,,,,
1773717266.413,81.51,0,,,,,
1773717266.470,81.57,0,,,,,
1773717266.537,81.64,0,,,,,
1773717266.543,81.64,0,,,,,
1773717266.571,81.67,0,,,,,
1773717266.598,81.70,0,,,,,
1773717266.687,81.79,0,,,,,
1773717266.706,81.81,0,,,,,
1773717266.762,81.86,0,,,,,
1773717266.825,81.92,0,,,,,
1773717266.882,81.98,0,,,,,
1773717266.904,82.00,0,,,,,
1773717266.989,82.09,0,,,,,
1773717267.018,82.12,0,,,,,
1773717267.037,82.14,0,,,,,
1773717267.082,82.18,0,,,,,
1773717267.113,82.21,0,,,,,
1773717267.171,82.27,0,,,,,
1773717267.230,82.33,0,,,,,
1773717267.256,82.35,0,,,,,
1773717267.300,82.40,0,,,,,
1773717267.337,82.44,0,,,,,
1773717267.375,82.47,0,,,,,
1773717267.408,82.51,0,,,,,
1773717267.473,82.57,0,,,,,
1773717267.509,82.61,0,,,,,
1773717267.566,82.67,0,,,,,
1773717267.616,82.72,0,,,,,
1773717267.628,82.73,0,,,,,
1773717267.677,82.78,0,,,,,
1773717267.766,82.87,0,,,,,
1773717267.801,82.90,0,,,,,
1773717267.846,82.95,0,,,,,
1773717267.894,82.99,0,,,,,
1773717267.917,83.02,0,,,,,
1773717267.957,83.06,0,,,,,
1773717268.026,83.13,0,,,,,
1773717268.052,83.15,0,,,,,
1773717268.087,83.19,0,,,,,
1773717268.137,83.24,0,,,,,
1773717268.176,83.28,0,,,,,
1773717268.217,83.32,0,,,,,
1773717268.267,83.37,0,,,,,
1773717268.305,83.40,0,,,,,
1773717268.330,83.43,0,,,,,
1773717268.368,83.47,0,,,,,
1773717268.406,83.51,0,,,,,
1773717268.447,83.55,0,,,,,
1773717268.490,83.59,0,,,,,
1773717268.506,83.61,0,,,,,
1773717268.544,83.64,0,,,,,
1773717268.583,83.68,0,,,,,
1773717268.630,83.73,0,,,,,
1773717268.677,83.78,0,,,,,
1773717268.720,83.82,0,,,,,
1773717268.762,83.86,0,,,,,
1773717268.789,83.89,0,,,,,
1773717268.819,83.92,0,,,,,
1773717268.861,83.96,0,,,,,
1773717268.896,83.99,0,,,,,
1773717268.931,84.03,0,,,,,
1773717268.955,84.05,0,,,,,
1773717268.998,84.10,0,,,,,
1773717269.027,84.13,0,,,,,
1773717269.064,84.16,0,,,,,
1773717269.095,84.19,0,,,,,
1773717269.142,84.24,0,,,,,
1773717269.179,84.28,0,,,,,
1773717269.223,84.32,0,,,,,
1773717269.271,84.37,0,,,,,
1773717269.344,84.44,0,,,,,
1773717269.366,84.46,0,,,,,
1773717269.396,84.50,0,,,,,
1773717269.422,84.52,0,,,,,
1773717269.476,84.58,0,,,,,
1773717269.513,84.61,0,,,,,
1773717269.558,84.66,0,,,,,
1773717269.581,84.68,0,,,,,
1773717269.637,84.74,0,,,,,
1773717269.661,84.76,0,,,,,
1773717269.700,84.80,0,,,,,
1773717269.746,84.84,0,,,,,
1773717269.777,84.88,0,,,,,
1773717269.812,84.91,0,,,,,
1773717269.862,84.96,0,,,,,
1773717269.889,84.99,0,,,,,
1773717269.915,85.01,0,,,,,
1773717269.982,85.08,0,,,,,
1773717270.012,85.11,0,,,,,
1773717270.037,85.14,0,,,,,
1773717270.102,85.20,0,,,,,
1773717270.132,85.23,0,,,,,
1773717270.170,85.27,0,,,,,
1773717270.210,85.31,0,,,,,
1773717270.242,85.34,0,,,,,
1773717270.284,85.38,0,,,,,
1773717270.340,85.44,0,,,,,
1773717270.376,85.48,0,,,,,
1773717270.424,85.52,0,,,,,
1773717270.446,85.55,0,,,,,
1773717270.469,85.57,0,,,,,
1773717270.515,85.61,0,,,,,
1773717270.556,85.66,0,,,,,
1773717270.587,85.69,0,,,,,
1773717270.647,85.75,0,,,,,
1773717270.651,85.75,0,,,,,
1773717270.709,85.81,0,,,,,
1773717270.740,85.84,0,,,,,
1773717270.797,85.90,0,,,,,
1773717270.837,85.94,0,,,,,
1773717270.870,85.97,0,,,,,
1773717270.898,86.00,0,,,,,
1773717270.952,86.05,0,,,,,
1773717270.979,86.08,0,,,,,
1773717271.022,86.12,0,,,,,
1773717271.056,86.16,0,,,,,
1773717271.110,86.21,0,,,,,
1773717271.143,86.24,0,,,,,
1773717271.188,86.29,0,,,,,
1773717271.226,86.33,0,,,,,
1773717271.284,86.38,0,,,,,
1773717271.331,86.43,0,,,,,
1773717271.364,86.46,0,,,,,
1773717271.404,86.50,0,,,,,
1773717271.445,86.54,0,,,,,
1773717271.488,86.59,0,,,,,
1773717271.520,86.62,0,,,,,
1773717271.553,86.65,0,,,,,
1773717271.618,86.72,0,,,,,
1773717271.641,86.74,0,,,,,
1773717271.700,86.80,0,,,,,
1773717271.730,86.83,0,,,,,
1773717271.759,86.86,0,,,,,
1773717271.801,86.90,0,,,,,
1773717271.841,86.94,0,,,,,
1773717271.881,86.98,0,,,,,
1773717271.914,87.01,0,,,,,
1773717271.942,87.04,0,,,,,
1773717271.992,87.09,0,,,,,
1773717272.034,87.13,0,,,,,
1773717272.090,87.19,0,,,,,
1773717272.114,87.21,0,,,,,
1773717272.154,87.25,0,,,,,
1773717272.193,87.29,0,,,,,
1773717272.233,87.33,0,,,,,
1773717272.257,87.36,0,,,,,
1773717272.312,87.41,0,,,,,
1773717272.347,87.45,0,,,,,
1773717272.385,87.48,0,,,,,
1773717272.423,87.52,0,,,,,
1773717272.468,87.57,0,,,,,
1773717272.497,87.60,0,,,,,
1773717272.531,87.63,0,,,,,
1773717272.569,87.67,0,,,,,
1773717272.603,87.70,0,,,,,
1773717272.628,87.73,0,,,,,
1773717272.664,87.76,0,,,,,
1773717272.697,87.80,0,,,,,
1773717272.736,87.84,0,,,,,
1773717272.787,87.89,0,,,,,
1773717272.822,87.92,0,,,,,
1773717272.853,87.95,0,,,,,
1773717272.892,87.99,0,,,,,
1773717272.921,88.02,0,,,,,
1773717272.972,88.07,0,,,,,
1773717272.986,88.09,0,,,,,
1773717273.022,88.12,0,,,,,
1773717273.064,88.16,0,,,,,
1773717273.105,88.20,0,,,,,
1773717273.142,88.24,0,,,,,
1773717273.179,88.28,0,,,,,
1773717273.230,88.33,0,,,,,
1773717273.277,88.38,0,,,,,
1773717273.292,88.39,0,,,,,
1773717273.328,88.43,0,,,,,
1773717273.363,88.46,0,,,,,
1773717273.411,88.51,0,,,,,
1773717273.464,88.56,0,,,,,
1773717273.500,88.60,0,,,,,
1773717273.536,88.64,0,,,,,
1773717273.569,88.67,0,,,,,
1773717273.615,88.71,0,,,,,
1773717273.657,88.76,0,,,,,
1773717273.672,88.77,0,,,,,
1773717273.716,88.82,0,,,,,
1773717273.767,88.87,0,,,,,
1773717273.782,88.88,0,,,,,
1773717273.813,88.91,0,,,,,
1773717273.850,88.95,0,,,,,
1773717273.878,88.98,0,,,,,
1773717273.937,89.04,0,,,,,
1773717273.958,89.06,0,,,,,
1773717273.994,89.09,0,,,,,
1773717274.033,89.13,0,,,,,
1773717274.063,89.16,0,,,,,
1773717274.097,89.20,0,,,,,
1773717274.145,89.24,0,,,,,
1773717274.188,89.29,0,,,,,
1773717274.266,89.37,0,,,,,
1773717274.267,89.37,0,,,,,
1773717274.276,89.38,0,,,,,
1773717274.324,89.42,0,,,,,
1773717274.357,89.46,0,,,,,
1773717274.393,89.49,0,,,,,
1773717274.431,89.53,0,,,,,
1773717274.456,89.55,0,,,,,
1773717274.501,89.60,0,,,,,
1773717274.536,89.64,0,,,,,
1773717274.569,89.67,0,,,,,
1773717274.616,89.72,0,,,,,
1773717274.648,89.75,0,,,,,
1773717274.705,89.80,0,,,,,
1773717274.736,89.84,0,,,,,
1773717274.772,89.87,0,,,,,
1773717274.793,89.89,0,,,,,
1773717274.847,89.95,0,,,,,
1773717274.894,89.99,0,,,,,
1773717274.919,90.02,0,,,,,
1773717274.977,90.08,0,,,,,
1773717274.997,90.10,0,,,,,
1773717275.042,90.14,0,,,,,
1773717275.092,90.19,0,,,,,
1773717275.115,90.21,0,,,,,
1773717275.145,90.24,0,,,,,
1773717275.180,90.28,0,,,,,
1773717275.214,90.31,0,,,,,
1773717275.265,90.36,0,,,,,
1773717275.315,90.41,0,,,,,
1773717275.376,90.48,0,,,,,
1773717275.391,90.49,0,,,,,
1773717275.437,90.54,0,,,,,
1773717275.470,90.57,0,,,,,
1773717275.496,90.60,0,,,,,
1773717275.530,90.63,0,,,,,
1773717275.572,90.67,0,,,,,
1773717275.609,90.71,0,,,,,
1773717275.641,90.74,0,,,,,
1773717275.676,90.78,0,,,,,
1773717275.703,90.80,0,,,,,
1773717275.746,90.85,0,,,,,
1773717275.781,90.88,0,,,,,
1773717275.819,90.92,0,,,,,
1773717275.841,90.94,0,,,,,
1773717275.890,90.99,0,,,,,
1773717275.927,91.03,0,,,,,
1773717275.953,91.05,0,,,,,
1773717275.996,91.10,0,,,,,
1773717276.025,91.12,0,,,,,
1773717276.073,91.17,0,,,,,
1773717276.092,91.19,0,,,,,
1773717276.145,91.24,0,,,,,
1773717276.165,91.26,0,,,,,
1773717276.191,91.29,0,,,,,
1773717276.239,91.34,0,,,,,
1773717276.264,91.36,0,,,,,
1773717276.305,91.40,0,,,,,
1773717276.343,91.44,0,,,,,
1773717276.384,91.48,0,,,,,
1773717276.403,91.50,0,,,,,
1773717276.430,91.53,0,,,,,
1773717276.474,91.57,0,,,,,
1773717276.507,91.61,0,,,,,
1773717276.541,91.64,0,,,,,
1773717276.580,91.68,0,,,,,
1773717276.620,91.72,0,,,,,
1773717276.641,91.74,0,,,,,
1773717276.685,91.78,0,,,,,
1773717276.741,91.84,0,,,,,
1773717276.757,91.86,0,,,,,
1773717276.797,91.90,0,,,,,
1773717276.830,91.93,0,,,,,
1773717276.860,91.96,0,,,,,
1773717276.897,92.00,0,,,,,
1773717276.928,92.03,0,,,,,
1773717276.958,92.06,0,,,,,
1773717276.989,92.09,0,,,,,
1773717277.037,92.14,0,,,,,
1773717277.065,92.16,0,,,,,
1773717277.098,92.20,0,,,,,
1773717277.140,92.24,0,,,,,
1773717277.170,92.27,0,,,,,
1773717277.228,92.33,0,,,,,
1773717277.252,92.35,0,,,,,
1773717277.284,92.38,0,,,,,
1773717277.331,92.43,0,,,,,
1773717277.374,92.47,0,,,,,
1773717277.418,92.52,0,,,,,
1773717277.476,92.57,0,,,,,
1773717277.500,92.60,0,,,,,
1773717277.537,92.64,0,,,,,
1773717277.586,92.69,0,,,,,
1773717277.615,92.71,0,,,,,
1773717277.640,92.74,0,,,,,
1773717277.693,92.79,0,,,,,
1773717277.725,92.82,0,,,,,
1773717277.758,92.86,0,,,,,
1773717277.807,92.91,0,,,,,
1773717277.855,92.95,0,,,,,
1773717277.897,93.00,0,,,,,
1773717277.920,93.02,0,,,,,
1773717277.971,93.07,0,,,,,
1773717277.993,93.09,0,,,,,
1773717278.027,93.13,0,,,,,
1773717278.067,93.17,0,,,,,
1773717278.111,93.21,0,,,,,
1773717278.147,93.25,0,,,,,
1773717278.219,93.32,0,,,,,
1773717278.268,93.37,0,,,,,
1773717278.280,93.38,0,,,,,
1773717278.342,93.44,0,,,,,
1773717278.383,93.48,0,,,,,
1773717278.414,93.51,0,,,,,
1773717278.472,93.57,0,,,,,
1773717278.519,93.62,0,,,,,
1773717278.541,93.64,0,,,,,
1773717278.577,93.68,0,,,,,
1773717278.625,93.72,0,,,,,
1773717278.645,93.74,0,,,,,
1773717278.682,93.78,0,,,,,
1773717278.717,93.82,0,,,,,
1773717278.752,93.85,0,,,,,
1773717278.786,93.89,0,,,,,
1773717278.841,93.94,0,,,,,
1773717278.859,93.96,0,,,,,
1773717278.897,94.00,0,,,,,
1773717278.947,94.05,0,,,,,
1773717278.965,94.06,0,,,,,
1773717279.001,94.10,0,,,,,
1773717279.046,94.15,0,,,,,
1773717279.087,94.19,0,,,,,
1773717279.114,94.21,0,,,,,
1773717279.152,94.25,0,,,,,
1773717279.204,94.30,0,,,,,
1773717279.243,94.34,0,,,,,
1773717279.255,94.35,0,,,,,
1773717279.296,94.39,0,,,,,
1773717279.343,94.44,0,,,,,
1773717279.362,94.46,0,,,,,
1773717279.407,94.51,0,,,,,
1773717279.441,94.54,0,,,,,
1773717279.486,94.59,0,,,,,
1773717279.504,94.60,0,,,,,
1773717279.555,94.65,0,,,,,
1773717279.575,94.67,0,,,,,
1773717279.617,94.72,0,,,,,
1773717279.651,94.75,0,,,,,
1773717279.679,94.78,0,,,,,
1773717279.708,94.81,0,,,,,
1773717279.745,94.84,0,,,,,
1773717279.779,94.88,0,,,,,
1773717279.818,94.92,0,,,,,
1773717279.843,94.94,0,,,,,
1773717279.886,94.99,0,,,,,
1773717279.941,95.04,0,,,,,
1773717279.974,95.07,0,,,,,
1773717280.004,95.10,0,,,,,
1773717280.041,95.14,0,,,,,
1773717280.082,95.18,0,,,,,
1773717280.123,95.22,0,,,,,
1773717280.143,95.24,0,,,,,
1773717280.178,95.28,0,,,,,
1773717280.231,95.33,0,,,,,
1773717280.251,95.35,0,,,,,
1773717280.268,95.37,0,,,,,
1773717280.316,95.42,0,,,,,
1773717280.347,95.45,0,,,,,
1773717280.382,95.48,0,,,,,
1773717280.416,95.51,0,,,,,
1773717280.439,95.54,0,,,,,
1773717280.474,95.57,0,,,,,
1773717280.512,95.61,0,,,,,
1773717280.551,95.65,0,,,,,
1773717280.586,95.69,0,,,,,
1773717280.622,95.72,0,,,,,
1773717280.651,95.75,0,,,,,
1773717280.679,95.78,0,,,,,
1773717280.715,95.81,0,,,,,
1773717280.755,95.85,0,,,,,
1773717280.783,95.88,0,,,,,
1773717280.826,95.93,0,,,,,
1773717280.869,95.97,0,,,,,
1773717281.041,96.14,0,,,,,
1773717281.083,96.18,0,,,,,
1773717281.086,96.19,0,,,,,
1773717281.087,96.19,0,,,,,
1773717281.119,96.22,0,,,,,
1773717281.122,96.22,0,,,,,
1773717281.125,96.22,0,,,,,
1773717281.152,96.25,0,,,,,
1773717281.218,96.32,0,,,,,
1773717281.219,96.32,0,,,,,
1773717281.274,96.37,0,,,,,
1773717281.279,96.38,0,,,,,
1773717281.323,96.42,0,,,,,
1773717281.366,96.47,0,,,,,
1773717281.433,96.53,0,,,,,
1773717281.469,96.57,0,,,,,
1773717281.498,96.60,0,,,,,
1773717281.533,96.63,0,,,,,
1773717281.564,96.66,0,,,,,
1773717281.588,96.69,0,,,,,
1773717281.624,96.72,0,,,,,
1773717281.668,96.77,0,,,,,
1773717281.700,96.80,0,,,,,
1773717281.750,96.85,0,,,,,
1773717281.769,96.87,0,,,,,
1773717281.811,96.91,0,,,,,
1773717281.847,96.95,0,,,,,
1773717281.885,96.98,0,,,,,
1773717281.942,97.04,0,,,,,
1773717281.979,97.08,0,,,,,
1773717282.031,97.13,0,,,,,
1773717282.064,97.16,0,,,,,
1773717282.083,97.18,0,,,,,
1773717282.119,97.22,0,,,,,
1773717282.179,97.28,0,,,,,
1773717282.198,97.30,0,,,,,
1773717282.243,97.34,0,,,,,
1773717282.274,97.37,0,,,,,
1773717282.313,97.41,0,,,,,
1773717282.348,97.45,0,,,,,
1773717282.379,97.48,0,,,,,
1773717282.424,97.52,0,,,,,
1773717282.456,97.56,0,,,,,
1773717282.492,97.59,0,,,,,
1773717282.528,97.63,0,,,,,
1773717282.560,97.66,0,,,,,
1773717282.598,97.70,0,,,,,
1773717282.635,97.73,0,,,,,
1773717282.669,97.77,0,,,,,
1773717282.714,97.81,0,,,,,
1773717282.756,97.85,0,,,,,
1773717282.791,97.89,0,,,,,
1773717282.825,97.92,0,,,,,
1773717282.882,97.98,0,,,,,
1773717282.908,98.01,0,,,,,
1773717282.959,98.06,0,,,,,
1773717282.981,98.08,0,,,,,
1773717283.019,98.12,0,,,,,
1773717283.031,98.13,0,,,,,
1773717283.079,98.18,0,,,,,
1773717283.116,98.21,0,,,,,
1773717283.161,98.26,0,,,,,
1773717283.178,98.28,0,,,,,
1773717283.220,98.32,0,,,,,
1773717283.250,98.35,0,,,,,
1773717283.297,98.40,0,,,,,
1773717283.314,98.41,0,,,,,
1773717283.348,98.45,0,,,,,
1773717283.402,98.50,0,,,,,
1773717283.431,98.53,0,,,,,
1773717283.450,98.55,0,,,,,
1773717283.503,98.60,0,,,,,
1773717283.521,98.62,0,,,,,
1773717283.552,98.65,0,,,,,
1773717283.593,98.69,0,,,,,
1773717283.621,98.72,0,,,,,
1773717283.665,98.76,0,,,,,
1773717283.694,98.79,0,,,,,
1773717283.728,98.83,0,,,,,
1773717283.776,98.87,0,,,,,
1773717283.806,98.91,0,,,,,
1773717283.857,98.96,0,,,,,
1773717283.880,98.98,0,,,,,
1773717283.911,99.01,0,,,,,
1773717283.939,99.04,0,,,,,
1773717283.985,99.08,0,,,,,
1773717284.029,99.13,0,,,,,
1773717284.060,99.16,0,,,,,
1773717284.076,99.18,0,,,,,
1773717284.109,99.21,0,,,,,
1773717284.146,99.25,0,,,,,
1773717284.196,99.30,0,,,,,
1773717284.220,99.32,0,,,,,
1773717284.278,99.38,0,,,,,
1773717284.303,99.40,0,,,,,
1773717284.341,99.44,0,,,,,
1773717284.399,99.50,0,,,,,
1773717284.435,99.53,0,,,,,
1773717284.467,99.57,0,,,,,
1773717284.520,99.62,0,,,,,
1773717284.557,99.66,0,,,,,
1773717284.596,99.70,0,,,,,
1773717284.614,99.71,0,,,,,
1773717284.651,99.75,0,,,,,
1773717284.683,99.78,0,,,,,
1773717284.712,99.81,0,,,,,
1773717284.749,99.85,0,,,,,
1773717284.786,99.89,0,,,,,
1773717284.822,99.92,0,,,,,
1773717284.857,99.96,0,,,,,
1773717284.891,99.99,0,,,,,
1773717284.926,100.03,0,,,,,
1773717284.968,100.07,0,,,,,
1773717285.011,100.11,0,,,,,
1773717285.045,100.14,0,,,,,
1773717285.080,100.18,0,,,,,
1773717285.126,100.23,0,,,,,
1773717285.198,100.30,0,,,,,
1773717285.199,100.30,0,,,,,
1773717285.215,100.31,0,,,,,
1773717285.264,100.36,0,,,,,
1773717285.295,100.39,0,,,,,
1773717285.313,100.41,0,,,,,
1773717285.350,100.45,0,,,,,
1773717285.380,100.48,0,,,,,
1773717285.450,100.55,0,,,,,
1773717285.468,100.57,0,,,,,
1773717285.506,100.61,0,,,,,
1773717285.542,100.64,0,,,,,
1773717285.574,100.67,0,,,,,
1773717285.620,100.72,0,,,,,
1773717285.648,100.75,0,,,,,
1773717285.684,100.78,0,,,,,
1773717285.716,100.82,0,,,,,
1773717285.759,100.86,0,,,,,
1773717285.796,100.90,0,,,,,
1773717285.827,100.93,0,,,,,
1773717285.866,100.96,0,,,,,
1773717285.929,101.03,0,,,,,
1773717285.950,101.05,0,,,,,
1773717286.007,101.11,0,,,,,
1773717286.041,101.14,0,,,,,
1773717286.079,101.18,0,,,,,
1773717286.109,101.21,0,,,,,
1773717286.162,101.26,0,,,,,
1773717286.198,101.30,0,,,,,
1773717286.248,101.35,0,,,,,
1773717286.275,101.37,0,,,,,
1773717286.298,101.40,0,,,,,
1773717286.343,101.44,0,,,,,
1773717286.373,101.47,0,,,,,
1773717286.429,101.53,0,,,,,
1773717286.461,101.56,0,,,,,
1773717286.503,101.60,0,,,,,
1773717286.532,101.63,0,,,,,
1773717286.560,101.66,0,,,,,
1773717286.599,101.70,0,,,,,
1773717286.624,101.72,0,,,,,
1773717286.656,101.76,0,,,,,
1773717286.690,101.79,0,,,,,
1773717286.735,101.83,0,,,,,
1773717286.764,101.86,0,,,,,
1773717286.796,101.90,0,,,,,
1773717286.845,101.94,0,,,,,
1773717286.871,101.97,0,,,,,
1773717286.901,102.00,0,,,,,
1773717286.945,102.04,0,,,,,
1773717286.972,102.07,0,,,,,
1773717287.001,102.10,0,,,,,
1773717287.040,102.14,0,,,,,
1773717287.072,102.17,0,,,,,
1773717287.112,102.21,0,,,,,
1773717287.160,102.26,0,,,,,
1773717287.178,102.28,0,,,,,
1773717287.223,102.32,0,,,,,
1773717287.271,102.37,0,,,,,
1773717287.304,102.40,0,,,,,
1773717287.363,102.46,0,,,,,
1773717287.397,102.50,0,,,,,
1773717287.432,102.53,0,,,,,
1773717287.466,102.57,0,,,,,
1773717287.504,102.60,0,,,,,
1773717287.561,102.66,0,,,,,
1773717287.598,102.70,0,,,,,
1773717287.617,102.72,0,,,,,
1773717287.658,102.76,0,,,,,
1773717287.683,102.78,0,,,,,
1773717287.712,102.81,0,,,,,
1773717287.754,102.85,0,,,,,
1773717287.785,102.88,0,,,,,
1773717287.817,102.92,0,,,,,
1773717287.867,102.97,0,,,,,
1773717287.885,102.98,0,,,,,
1773717287.920,103.02,0,,,,,
1773717287.968,103.07,0,,,,,
1773717287.985,103.08,0,,,,,
1773717288.022,103.12,0,,,,,
1773717288.055,103.15,0,,,,,
1773717288.091,103.19,0,,,,,
1773717288.122,103.22,0,,,,,
1773717288.176,103.28,0,,,,,
1773717288.207,103.31,0,,,,,
1773717288.266,103.37,0,,,,,
1773717288.297,103.40,0,,,,,
1773717288.318,103.42,0,,,,,
1773717288.355,103.45,0,,,,,
1773717288.408,103.51,0,,,,,
1773717288.438,103.54,0,,,,,
1773717288.477,103.58,0,,,,,
1773717288.522,103.62,0,,,,,
1773717288.560,103.66,0,,,,,
1773717288.598,103.70,0,,,,,
1773717288.638,103.74,0,,,,,
1773717288.661,103.76,0,,,,,
1773717288.708,103.81,0,,,,,
1773717288.749,103.85,0,,,,,
1773717288.791,103.89,0,,,,,
1773717288.837,103.94,0,,,,,
1773717288.872,103.97,0,,,,,
1773717288.903,104.00,0,,,,,
1773717288.923,104.02,0,,,,,
1773717288.960,104.06,0,,,,,
1773717288.994,104.09,0,,,,,
1773717289.031,104.13,0,,,,,
1773717289.077,104.18,0,,,,,
1773717289.139,104.24,0,,,,,
1773717289.168,104.27,0,,,,,
1773717289.199,104.30,0,,,,,
1773717289.260,104.36,0,,,,,
1773717289.286,104.39,0,,,,,
1773717289.308,104.41,0,,,,,
1773717289.353,104.45,0,,,,,
1773717289.388,104.49,0,,,,,
1773717289.433,104.53,0,,,,,
1773717289.469,104.57,0,,,,,
1773717289.503,104.60,0,,,,,
1773717289.544,104.64,0,,,,,
1773717289.589,104.69,0,,,,,
1773717289.622,104.72,0,,,,,
1773717289.669,104.77,0,,,,,
1773717289.699,104.80,0,,,,,
1773717289.759,104.86,0,,,,,
1773717289.785,104.88,0,,,,,
1773717289.836,104.93,0,,,,,
1773717289.881,104.98,0,,,,,
1773717289.910,105.01,0,,,,,
1773717289.937,105.04,0,,,,,
1773717289.982,105.08,0,,,,,
1773717290.025,105.12,0,,,,,
1773717290.069,105.17,0,,,,,
1773717290.119,105.22,0,,,,,
1773717290.173,105.27,0,,,,,
1773717290.202,105.30,0,,,,,
1773717290.240,105.34,0,,,,,
1773717290.293,105.39,0,,,,,
1773717290.319,105.42,0,,,,,
1773717290.363,105.46,0,,,,,
1773717290.399,105.50,0,,,,,
1773717290.428,105.53,0,,,,,
1773717290.512,105.61,0,,,,,
1773717290.551,105.65,0,,,,,
1773717290.609,105.71,0,,,,,
1773717290.634,105.73,0,,,,,
1773717290.649,105.75,0,,,,,
1773717290.694,105.79,0,,,,,
1773717290.736,105.83,0,,,,,
1773717290.765,105.86,0,,,,,
1773717290.819,105.92,0,,,,,
1773717290.852,105.95,0,,,,,
1773717290.888,105.99,0,,,,,
1773717290.909,106.01,0,,,,,
1773717290.945,106.04,0,,,,,
1773717290.972,106.07,0,,,,,
1773717291.028,106.13,0,,,,,
1773717291.054,106.15,0,,,,,
1773717291.081,106.18,0,,,,,
1773717291.136,106.24,0,,,,,
1773717291.171,106.27,0,,,,,
1773717291.202,106.30,0,,,,,
1773717291.228,106.33,0,,,,,
1773717291.269,106.37,0,,,,,
1773717291.306,106.41,0,,,,,
1773717291.346,106.45,0,,,,,
1773717291.388,106.49,0,,,,,
1773717291.422,106.52,0,,,,,
1773717291.456,106.55,0,,,,,
1773717291.495,106.59,0,,,,,
1773717291.527,106.63,0,,,,,
1773717291.581,106.68,0,,,,,
1773717291.611,106.71,0,,,,,
1773717291.644,106.74,0,,,,,
1773717291.686,106.78,0,,,,,
1773717291.720,106.82,0,,,,,
1773717291.757,106.86,0,,,,,
1773717291.810,106.91,0,,,,,
1773717291.825,106.92,0,,,,,
1773717291.858,106.96,0,,,,,
1773717291.931,107.03,0,,,,,
1773717291.973,107.07,0,,,,,
1773717291.983,107.08,0,,,,,
1773717292.031,107.13,0,,,,,
1773717292.058,107.16,0,,,,,
1773717292.089,107.19,0,,,,,
1773717292.189,107.29,0,,,,,
1773717292.221,107.32,0,,,,,
1773717292.255,107.35,0,,,,,
1773717292.298,107.40,0,,,,,
1773717292.406,107.51,0,,,,,
1773717292.433,107.53,0,,,,,
1773717292.477,107.58,0,,,,,
1773717292.511,107.61,0,,,,,
1773717292.547,107.65,0,,,,,
1773717292.583,107.68,0,,,,,
1773717292.641,107.74,0,,,,,
1773717292.687,107.79,0,,,,,
1773717292.735,107.83,0,,,,,
1773717292.778,107.88,0,,,,,
1773717292.828,107.93,0,,,,,
1773717292.849,107.95,0,,,,,
1773717292.910,108.01,0,,,,,
1773717292.956,108.06,0,,,,,
1773717292.988,108.09,0,,,,,
1773717293.030,108.13,0,,,,,
1773717293.113,108.21,0,,,,,
1773717293.137,108.24,0,,,,,
1773717293.184,108.28,0,,,,,
1773717293.230,108.33,0,,,,,
1773717293.282,108.38,0,,,,,
1773717293.336,108.44,0,,,,,
1773717293.379,108.48,0,,,,,
1773717293.396,108.50,0,,,,,
1773717293.464,108.56,0,,,,,
1773717293.504,108.60,0,,,,,
1773717293.529,108.63,0,,,,,
1773717293.594,108.69,0,,,,,
1773717293.626,108.73,0,,,,,
1773717293.656,108.75,0,,,,,
1773717293.702,108.80,0,,,,,
1773717293.731,108.83,0,,,,,
1773717293.784,108.88,0,,,,,
1773717293.825,108.92,0,,,,,
1773717293.859,108.96,0,,,,,
1773717293.919,109.02,0,,,,,
1773717293.947,109.05,0,,,,,
1773717293.995,109.09,0,,,,,
1773717294.034,109.13,0,,,,,
1773717294.068,109.17,0,,,,,
1773717294.105,109.20,0,,,,,
1773717294.150,109.25,0,,,,,
1773717294.190,109.29,0,,,,,
1773717294.231,109.33,0,,,,,
1773717294.265,109.36,0,,,,,
1773717294.310,109.41,0,,,,,
1773717294.341,109.44,0,,,,,
1773717294.371,109.47,0,,,,,
1773717294.417,109.52,0,,,,,
1773717294.454,109.55,0,,,,,
1773717294.501,109.60,0,,,,,
1773717294.533,109.63,0,,,,,
1773717294.561,109.66,0,,,,,
1773717294.612,109.71,0,,,,,
1773717294.647,109.75,0,,,,,
1773717294.680,109.78,0,,,,,
1773717294.721,109.82,0,,,,,
1773717294.767,109.87,0,,,,,
1773717294.799,109.90,0,,,,,
1773717294.821,109.92,0,,,,,
1773717294.869,109.97,0,,,,,
1773717294.894,109.99,0,,,,,
1773717294.940,110.04,0,,,,,
1773717294.973,110.07,0,,,,,
1773717295.010,110.11,0,,,,,
1773717295.048,110.15,0,,,,,
1773717295.082,110.18,0,,,,,
1773717295.122,110.22,0,,,,,
1773717295.162,110.26,0,,,,,
1773717295.197,110.30,0,,,,,
1773717295.235,110.33,0,,,,,
1773717295.259,110.36,0,,,,,
1773717295.294,110.39,0,,,,,
1773717295.344,110.44,0,,,,,
1773717295.372,110.47,0,,,,,
1773717295.421,110.52,0,,,,,
1773717295.457,110.56,0,,,,,
1773717295.499,110.60,0,,,,,
1773717295.537,110.64,0,,,,,
1773717295.561,110.66,0,,,,,
1773717295.632,110.73,0,,,,,
1773717295.668,110.77,0,,,,,
1773717295.718,110.82,0,,,,,
1773717295.748,110.85,0,,,,,
1773717295.781,110.88,0,,,,,
1773717295.820,110.92,0,,,,,
1773717295.861,110.96,0,,,,,
1773717295.896,111.00,0,,,,,
1773717295.925,111.02,0,,,,,
1773717295.970,111.07,0,,,,,
1773717295.994,111.09,0,,,,,
1773717296.031,111.13,0,,,,,
1773717296.069,111.17,0,,,,,
1773717296.107,111.21,0,,,,,
1773717296.155,111.25,0,,,,,
1773717296.193,111.29,0,,,,,
1773717296.251,111.35,0,,,,,
1773717296.306,111.41,0,,,,,
1773717296.331,111.43,0,,,,,
1773717296.362,111.46,0,,,,,
1773717296.415,111.51,0,,,,,
1773717296.457,111.56,0,,,,,
1773717296.479,111.58,0,,,,,
1773717296.519,111.62,0,,,,,
1773717296.569,111.67,0,,,,,
1773717296.608,111.71,0,,,,,
1773717296.635,111.73,0,,,,,
1773717296.680,111.78,0,,,,,
1773717296.742,111.84,0,,,,,
1773717296.776,111.88,0,,,,,
1773717296.811,111.91,0,,,,,
1773717296.840,111.94,0,,,,,
1773717296.900,112.00,0,,,,,
1773717296.901,112.00,0,,,,,
1773717296.950,112.05,0,,,,,
1773717296.987,112.09,0,,,,,
1773717297.006,112.11,0,,,,,
1773717297.033,112.13,0,,,,,
1773717297.086,112.18,0,,,,,
1773717297.130,112.23,0,,,,,
1773717297.180,112.28,0,,,,,
1773717297.236,112.34,0,,,,,
1773717297.263,112.36,0,,,,,
1773717297.325,112.42,0,,,,,
1773717297.389,112.49,0,,,,,
1773717297.420,112.52,0,,,,,
1773717297.449,112.55,0,,,,,
1773717297.510,112.61,0,,,,,
1773717297.547,112.65,0,,,,,
1773717297.582,112.68,0,,,,,
1773717297.613,112.71,0,,,,,
1773717297.674,112.77,0,,,,,
1773717297.701,112.80,0,,,,,
1773717297.742,112.84,0,,,,,
1773717297.775,112.87,0,,,,,
1773717297.805,112.90,0,,,,,
1773717297.853,112.95,0,,,,,
1773717297.904,113.00,0,,,,,
1773717297.942,113.04,0,,,,,
1773717297.967,113.07,0,,,,,
1773717298.009,113.11,0,,,,,
1773717298.063,113.16,0,,,,,
1773717298.086,113.18,0,,,,,
1773717298.125,113.22,0,,,,,
1773717298.159,113.26,0,,,,,
1773717298.217,113.32,0,,,,,
1773717298.231,113.33,0,,,,,
1773717298.266,113.37,0,,,,,
1773717298.313,113.41,0,,,,,
1773717298.345,113.44,0,,,,,
1773717298.393,113.49,0,,,,,
1773717298.421,113.52,0,,,,,
1773717298.461,113.56,0,,,,,
1773717298.487,113.59,0,,,,,
1773717298.525,113.62,0,,,,,
1773717298.575,113.67,0,,,,,
1773717298.617,113.72,0,,,,,
1773717298.681,113.78,0,,,,,
1773717298.707,113.81,0,,,,,
1773717298.741,113.84,0,,,,,
1773717298.781,113.88,0,,,,,
1773717298.836,113.93,0,,,,,
1773717298.870,113.97,0,,,,,
1773717298.899,114.00,0,,,,,
1773717298.943,114.04,0,,,,,
1773717298.982,114.08,0,,,,,
1773717299.019,114.12,0,,,,,
1773717299.056,114.15,0,,,,,
1773717299.082,114.18,0,,,,,
1773717299.103,114.20,0,,,,,
1773717299.146,114.24,0,,,,,
1773717299.197,114.30,0,,,,,
1773717299.231,114.33,0,,,,,
1773717299.272,114.37,0,,,,,
1773717299.314,114.41,0,,,,,
1773717299.348,114.45,0,,,,,
1773717299.386,114.49,0,,,,,
1773717299.424,114.52,0,,,,,
1773717299.457,114.56,0,,,,,
1773717299.490,114.59,0,,,,,
1773717299.529,114.63,0,,,,,
1773717299.558,114.66,0,,,,,
1773717299.589,114.69,0,,,,,
1773717299.622,114.72,0,,,,,
1773717299.665,114.76,0,,,,,
1773717299.705,114.80,0,,,,,
1773717299.726,114.83,0,,,,,
1773717299.774,114.87,0,,,,,
1773717299.816,114.92,0,,,,,
1773717299.838,114.94,0,,,,,
1773717299.891,114.99,0,,,,,
1773717299.924,115.02,0,,,,,
1773717299.958,115.06,0,,,,,
1773717299.996,115.09,0,,,,,
1773717300.020,115.12,0,,,,,
1773717300.070,115.17,0,,,,,
1773717300.102,115.20,0,,,,,
1773717300.148,115.25,0,,,,,
1773717300.197,115.30,0,,,,,
1773717300.242,115.34,0,,,,,
1773717300.269,115.37,0,,,,,
1773717300.319,115.42,0,,,,,
1773717300.366,115.47,0,,,,,
1773717300.405,115.50,0,,,,,
1773717300.446,115.54,0,,,,,
1773717300.512,115.61,0,,,,,
1773717300.551,115.65,0,,,,,
1773717300.568,115.67,0,,,,,
1773717300.630,115.73,0,,,,,
1773717300.677,115.78,0,,,,,
1773717300.702,115.80,0,,,,,
1773717300.738,115.84,0,,,,,
1773717300.797,115.90,0,,,,,
1773717300.829,115.93,0,,,,,
1773717300.860,115.96,0,,,,,
1773717300.885,115.98,0,,,,,
1773717300.922,116.02,0,,,,,
1773717300.960,116.06,0,,,,,
1773717301.039,116.14,0,,,,,
1773717301.088,116.19,0,,,,,
1773717301.129,116.23,0,,,,,
1773717301.194,116.29,0,,,,,
1773717301.214,116.31,0,,,,,
1773717301.261,116.36,0,,,,,
1773717301.324,116.42,0,,,,,
1773717301.370,116.47,0,,,,,
1773717301.396,116.50,0,,,,,
1773717301.429,116.53,0,,,,,
1773717301.536,116.64,0,,,,,
1773717301.541,116.64,0,,,,,
1773717301.574,116.67,0,,,,,
1773717301.636,116.74,0,,,,,
1773717301.668,116.77,0,,,,,
1773717301.740,116.84,0,,,,,
1773717301.780,116.88,0,,,,,
1773717301.809,116.91,0,,,,,
1773717301.853,116.95,0,,,,,
1773717301.878,116.98,0,,,,,
1773717301.910,117.01,0,,,,,
1773717301.969,117.07,0,,,,,
1773717302.008,117.11,0,,,,,
1773717302.043,117.14,0,,,,,
1773717302.089,117.19,0,,,,,
1773717302.108,117.21,0,,,,,
1773717302.144,117.24,0,,,,,
1773717302.182,117.28,0,,,,,
1773717302.208,117.31,0,,,,,
1773717302.262,117.36,0,,,,,
1773717302.312,117.41,0,,,,,
1773717302.349,117.45,0,,,,,
1773717302.399,117.50,0,,,,,
1773717302.442,117.54,0,,,,,
1773717302.462,117.56,0,,,,,
1773717302.495,117.59,0,,,,,
1773717302.537,117.64,0,,,,,
1773717302.580,117.68,0,,,,,
1773717302.610,117.71,0,,,,,
1773717302.643,117.74,0,,,,,
1773717302.681,117.78,0,,,,,
1773717302.730,117.83,0,,,,,
1773717302.746,117.85,0,,,,,
1773717302.779,117.88,0,,,,,
1773717302.829,117.93,0,,,,,
1773717302.850,117.95,0,,,,,
1773717302.894,117.99,0,,,,,
1773717302.920,118.02,0,,,,,
1773717302.963,118.06,0,,,,,
1773717303.024,118.12,0,,,,,
1773717303.046,118.15,0,,,,,
1773717303.078,118.18,0,,,,,
1773717303.116,118.22,0,,,,,
1773717303.154,118.25,0,,,,,
1773717303.187,118.29,0,,,,,
1773717303.223,118.32,0,,,,,
1773717303.254,118.35,0,,,,,
1773717303.285,118.38,0,,,,,
1773717303.327,118.43,0,,,,,
1773717303.358,118.46,0,,,,,
1773717303.397,118.50,0,,,,,
1773717303.418,118.52,0,,,,,
1773717303.458,118.56,0,,,,,
1773717303.498,118.60,0,,,,,
1773717303.549,118.65,0,,,,,
1773717303.576,118.67,0,,,,,
1773717303.607,118.71,0,,,,,
1773717303.639,118.74,0,,,,,
1773717303.683,118.78,0,,,,,
1773717303.712,118.81,0,,,,,
1773717303.771,118.87,0,,,,,
1773717303.803,118.90,0,,,,,
1773717303.866,118.97,0,,,,,
1773717303.903,119.00,0,,,,,
1773717303.934,119.03,0,,,,,
1773717303.968,119.07,0,,,,,
1773717303.988,119.09,0,,,,,
1773717304.037,119.14,0,,,,,
1773717304.059,119.16,0,,,,,
1773717304.095,119.19,0,,,,,
1773717304.134,119.23,0,,,,,
1773717304.173,119.27,0,,,,,
1773717304.208,119.31,0,,,,,
1773717304.256,119.35,0,,,,,
1773717304.284,119.38,0,,,,,
1773717304.323,119.42,0,,,,,
1773717304.359,119.46,0,,,,,
1773717304.414,119.51,0,,,,,
1773717304.436,119.54,0,,,,,
1773717304.486,119.58,0,,,,,
1773717304.522,119.62,0,,,,,
1773717304.575,119.67,0,,,,,
1773717304.604,119.70,0,,,,,
1773717304.636,119.74,0,,,,,
1773717304.667,119.77,0,,,,,
1773717304.710,119.81,0,,,,,
1773717304.737,119.84,0,,,,,
1773717304.771,119.87,0,,,,,
1773717304.815,119.91,0,,,,,
1773717304.846,119.95,0,,,,,
1773717304.927,120.03,0,,,,,
1773717304.989,120.09,0,,,,,
